datetime,machineID,failure
2015-01-05 06:00:00,1,Failure Code 4: Pressure buildup
2015-03-06 06:00:00,1,Failure Code 1: Oil level below minimum threshold
2015-04-20 06:00:00,1,Failure Code 2: Unstable vibrations
2015-06-19 06:00:00,1,Failure Code 4: Pressure buildup
2015-09-02 06:00:00,1,Failure Code 4: Pressure buildup
2015-10-17 06:00:00,1,Failure Code 2: Unstable vibrations
2015-12-16 06:00:00,1,Failure Code 4: Pressure buildup
2015-03-19 06:00:00,2,Failure Code 1: Oil level below minimum threshold
2015-03-19 06:00:00,2,Failure Code 2: Unstable vibrations
2015-04-18 06:00:00,2,Failure Code 2: Unstable vibrations
2015-12-29 06:00:00,2,Failure Code 2: Unstable vibrations
2015-01-07 06:00:00,3,Failure Code 2: Unstable vibrations
2015-02-06 06:00:00,3,Failure Code 1: Oil level below minimum threshold
2015-07-21 06:00:00,3,Failure Code 2: Unstable vibrations
2015-10-04 06:00:00,3,Failure Code 2: Unstable vibrations
2015-12-03 06:00:00,3,Failure Code 2: Unstable vibrations
2015-01-17 06:00:00,4,Failure Code 2: Unstable vibrations
2015-02-16 06:00:00,4,Failure Code 1: Oil level below minimum threshold
2015-04-02 06:00:00,4,Failure Code 2: Unstable vibrations
2015-07-16 06:00:00,4,Failure Code 2: Unstable vibrations
2015-08-30 06:00:00,4,Failure Code 1: Oil level below minimum threshold
2015-10-14 06:00:00,4,Failure Code 2: Unstable vibrations
2015-01-09 06:00:00,5,Failure Code 2: Unstable vibrations
2015-02-23 06:00:00,5,Failure Code 1: Oil level below minimum threshold
2015-04-09 06:00:00,5,Failure Code 1: Oil level below minimum threshold
2015-06-23 06:00:00,5,Failure Code 2: Unstable vibrations
2015-09-06 06:00:00,5,Failure Code 1: Oil level below minimum threshold
2015-10-06 06:00:00,5,Failure Code 2: Unstable vibrations
2015-11-20 06:00:00,5,Failure Code 1: Oil level below minimum threshold
2015-01-24 06:00:00,7,Failure Code 2: Unstable vibrations
2015-01-24 06:00:00,7,Failure Code 4: Pressure buildup
2015-02-08 06:00:00,7,Failure Code 1: Oil level below minimum threshold
2015-04-24 06:00:00,7,Failure Code 1: Oil level below minimum threshold
2015-05-09 06:00:00,7,Failure Code 4: Pressure buildup
2015-05-24 06:00:00,7,Failure Code 2: Unstable vibrations
2015-07-08 06:00:00,7,Failure Code 2: Unstable vibrations
2015-09-21 06:00:00,7,Failure Code 4: Pressure buildup
2015-10-21 06:00:00,7,Failure Code 2: Unstable vibrations
2015-12-20 06:00:00,7,Failure Code 1: Oil level below minimum threshold
2015-03-07 06:00:00,8,Failure Code 2: Unstable vibrations
2015-03-22 06:00:00,8,Failure Code 4: Pressure buildup
2015-04-21 06:00:00,8,Failure Code 2: Unstable vibrations
2015-08-04 06:00:00,8,Failure Code 4: Pressure buildup
2015-10-18 06:00:00,8,Failure Code 4: Pressure buildup
2015-03-04 06:00:00,9,Failure Code 1: Oil level below minimum threshold
2015-06-17 06:00:00,9,Failure Code 2: Unstable vibrations
2015-07-02 06:00:00,9,Failure Code 1: Oil level below minimum threshold
2015-07-17 06:00:00,9,Failure Code 2: Unstable vibrations
2015-08-31 06:00:00,9,Failure Code 2: Unstable vibrations
2015-09-15 06:00:00,9,Failure Code 1: Oil level below minimum threshold
2015-10-15 06:00:00,9,Failure Code 2: Unstable vibrations
2015-11-14 06:00:00,9,Failure Code 1: Oil level below minimum threshold
2015-12-14 06:00:00,9,Failure Code 2: Unstable vibrations
2015-01-19 06:00:00,10,Failure Code 2: Unstable vibrations
2015-04-04 06:00:00,10,Failure Code 2: Unstable vibrations
2015-05-19 06:00:00,10,Failure Code 2: Unstable vibrations
2015-06-03 06:00:00,10,Failure Code 1: Oil level below minimum threshold
2015-06-18 06:00:00,10,Failure Code 2: Unstable vibrations
2015-01-20 06:00:00,11,Failure Code 2: Unstable vibrations
2015-02-19 06:00:00,11,Failure Code 3: Fuse blown due to excess voltage
2015-04-20 06:00:00,11,Failure Code 2: Unstable vibrations
2015-04-20 06:00:00,11,Failure Code 3: Fuse blown due to excess voltage
2015-10-02 06:00:00,11,Failure Code 3: Fuse blown due to excess voltage
2015-12-16 06:00:00,11,Failure Code 3: Fuse blown due to excess voltage
2015-01-07 06:00:00,12,Failure Code 1: Oil level below minimum threshold
2015-01-07 06:00:00,12,Failure Code 2: Unstable vibrations
2015-03-23 06:00:00,12,Failure Code 2: Unstable vibrations
2015-07-06 06:00:00,12,Failure Code 1: Oil level below minimum threshold
2015-09-04 06:00:00,12,Failure Code 1: Oil level below minimum threshold
2015-10-04 06:00:00,12,Failure Code 2: Unstable vibrations
2015-04-11 06:00:00,13,Failure Code 3: Fuse blown due to excess voltage
2015-04-11 06:00:00,13,Failure Code 4: Pressure buildup
2015-06-10 06:00:00,13,Failure Code 3: Fuse blown due to excess voltage
2015-06-25 06:00:00,13,Failure Code 4: Pressure buildup
2015-07-10 06:00:00,13,Failure Code 2: Unstable vibrations
2015-08-09 06:00:00,13,Failure Code 2: Unstable vibrations
2015-08-24 06:00:00,13,Failure Code 1: Oil level below minimum threshold
2015-08-24 06:00:00,13,Failure Code 3: Fuse blown due to excess voltage
2015-09-23 06:00:00,13,Failure Code 4: Pressure buildup
2015-10-23 06:00:00,13,Failure Code 1: Oil level below minimum threshold
2015-12-07 06:00:00,13,Failure Code 4: Pressure buildup
2015-12-22 06:00:00,13,Failure Code 1: Oil level below minimum threshold
2015-12-22 06:00:00,13,Failure Code 2: Unstable vibrations
2015-01-31 06:00:00,14,Failure Code 2: Unstable vibrations
2015-03-02 06:00:00,14,Failure Code 1: Oil level below minimum threshold
2015-07-15 06:00:00,14,Failure Code 1: Oil level below minimum threshold
2015-07-30 06:00:00,14,Failure Code 2: Unstable vibrations
2015-01-20 06:00:00,15,Failure Code 2: Unstable vibrations
2015-01-20 06:00:00,15,Failure Code 4: Pressure buildup
2015-06-04 06:00:00,15,Failure Code 1: Oil level below minimum threshold
2015-08-03 06:00:00,15,Failure Code 1: Oil level below minimum threshold
2015-11-01 06:00:00,15,Failure Code 2: Unstable vibrations
2015-11-01 06:00:00,15,Failure Code 4: Pressure buildup
2015-12-31 06:00:00,15,Failure Code 4: Pressure buildup
2015-01-02 03:00:00,16,Failure Code 1: Oil level below minimum threshold
2015-01-02 03:00:00,16,Failure Code 3: Fuse blown due to excess voltage
2015-01-17 06:00:00,16,Failure Code 1: Oil level below minimum threshold
2015-03-03 06:00:00,16,Failure Code 3: Fuse blown due to excess voltage
2015-04-02 06:00:00,16,Failure Code 1: Oil level below minimum threshold
2015-05-17 06:00:00,16,Failure Code 3: Fuse blown due to excess voltage
2015-06-01 06:00:00,16,Failure Code 2: Unstable vibrations
2015-06-16 06:00:00,16,Failure Code 1: Oil level below minimum threshold
2015-07-01 06:00:00,16,Failure Code 2: Unstable vibrations
2015-07-01 06:00:00,16,Failure Code 3: Fuse blown due to excess voltage
2015-08-15 06:00:00,16,Failure Code 3: Fuse blown due to excess voltage
2015-10-14 06:00:00,16,Failure Code 3: Fuse blown due to excess voltage
2015-11-28 06:00:00,16,Failure Code 2: Unstable vibrations
2015-01-02 03:00:00,17,Failure Code 4: Pressure buildup
2015-01-16 06:00:00,17,Failure Code 3: Fuse blown due to excess voltage
2015-02-15 06:00:00,17,Failure Code 2: Unstable vibrations
2015-03-17 06:00:00,17,Failure Code 3: Fuse blown due to excess voltage
2015-04-01 06:00:00,17,Failure Code 2: Unstable vibrations
2015-04-01 06:00:00,17,Failure Code 4: Pressure buildup
2015-05-16 06:00:00,17,Failure Code 1: Oil level below minimum threshold
2015-06-15 06:00:00,17,Failure Code 3: Fuse blown due to excess voltage
2015-07-15 06:00:00,17,Failure Code 2: Unstable vibrations
2015-07-30 06:00:00,17,Failure Code 1: Oil level below minimum threshold
2015-08-29 06:00:00,17,Failure Code 4: Pressure buildup
2015-10-28 06:00:00,17,Failure Code 3: Fuse blown due to excess voltage
2015-10-28 06:00:00,17,Failure Code 4: Pressure buildup
2015-11-27 06:00:00,17,Failure Code 2: Unstable vibrations
2015-12-27 06:00:00,17,Failure Code 1: Oil level below minimum threshold
2015-01-30 06:00:00,18,Failure Code 4: Pressure buildup
2015-03-31 06:00:00,18,Failure Code 1: Oil level below minimum threshold
2015-05-15 06:00:00,18,Failure Code 4: Pressure buildup
2015-06-29 06:00:00,18,Failure Code 2: Unstable vibrations
2015-07-29 06:00:00,18,Failure Code 2: Unstable vibrations
2015-08-28 06:00:00,18,Failure Code 4: Pressure buildup
2015-09-12 06:00:00,18,Failure Code 2: Unstable vibrations
2015-10-27 06:00:00,18,Failure Code 4: Pressure buildup
2015-01-13 06:00:00,19,Failure Code 1: Oil level below minimum threshold
2015-02-27 06:00:00,19,Failure Code 4: Pressure buildup
2015-04-13 06:00:00,19,Failure Code 4: Pressure buildup
2015-06-27 06:00:00,19,Failure Code 4: Pressure buildup
2015-09-10 06:00:00,19,Failure Code 4: Pressure buildup
2015-11-24 06:00:00,19,Failure Code 4: Pressure buildup
2015-12-09 06:00:00,19,Failure Code 1: Oil level below minimum threshold
2015-01-04 06:00:00,20,Failure Code 2: Unstable vibrations
2015-01-19 06:00:00,20,Failure Code 4: Pressure buildup
2015-02-03 06:00:00,20,Failure Code 3: Fuse blown due to excess voltage
2015-03-20 06:00:00,20,Failure Code 2: Unstable vibrations
2015-04-04 06:00:00,20,Failure Code 3: Fuse blown due to excess voltage
2015-04-19 06:00:00,20,Failure Code 4: Pressure buildup
2015-07-18 06:00:00,20,Failure Code 1: Oil level below minimum threshold
2015-08-17 06:00:00,20,Failure Code 4: Pressure buildup
2015-10-01 06:00:00,20,Failure Code 2: Unstable vibrations
2015-10-31 06:00:00,20,Failure Code 3: Fuse blown due to excess voltage
2015-11-15 06:00:00,20,Failure Code 2: Unstable vibrations
2015-12-15 06:00:00,20,Failure Code 1: Oil level below minimum threshold
2015-12-30 06:00:00,20,Failure Code 4: Pressure buildup
2015-01-23 06:00:00,21,Failure Code 3: Fuse blown due to excess voltage
2015-04-08 06:00:00,21,Failure Code 4: Pressure buildup
2015-05-08 06:00:00,21,Failure Code 1: Oil level below minimum threshold
2015-08-06 06:00:00,21,Failure Code 2: Unstable vibrations
2015-08-06 06:00:00,21,Failure Code 4: Pressure buildup
2015-09-05 06:00:00,21,Failure Code 3: Fuse blown due to excess voltage
2015-09-20 06:00:00,21,Failure Code 4: Pressure buildup
2015-10-05 06:00:00,21,Failure Code 2: Unstable vibrations
2015-11-04 06:00:00,21,Failure Code 4: Pressure buildup
2015-12-04 06:00:00,21,Failure Code 2: Unstable vibrations
2015-12-19 06:00:00,21,Failure Code 3: Fuse blown due to excess voltage
2015-01-02 03:00:00,22,Failure Code 1: Oil level below minimum threshold
2015-02-06 06:00:00,22,Failure Code 3: Fuse blown due to excess voltage
2015-03-23 06:00:00,22,Failure Code 2: Unstable vibrations
2015-03-23 06:00:00,22,Failure Code 4: Pressure buildup
2015-04-07 06:00:00,22,Failure Code 3: Fuse blown due to excess voltage
2015-04-22 06:00:00,22,Failure Code 2: Unstable vibrations
2015-05-22 06:00:00,22,Failure Code 1: Oil level below minimum threshold
2015-05-22 06:00:00,22,Failure Code 3: Fuse blown due to excess voltage
2015-06-21 06:00:00,22,Failure Code 4: Pressure buildup
2015-07-06 06:00:00,22,Failure Code 2: Unstable vibrations
2015-08-05 06:00:00,22,Failure Code 4: Pressure buildup
2015-08-20 06:00:00,22,Failure Code 3: Fuse blown due to excess voltage
2015-09-19 06:00:00,22,Failure Code 2: Unstable vibrations
2015-11-03 06:00:00,22,Failure Code 3: Fuse blown due to excess voltage
2015-11-18 06:00:00,22,Failure Code 4: Pressure buildup
2015-01-05 06:00:00,23,Failure Code 2: Unstable vibrations
2015-01-20 06:00:00,23,Failure Code 4: Pressure buildup
2015-03-21 06:00:00,23,Failure Code 4: Pressure buildup
2015-04-05 06:00:00,23,Failure Code 1: Oil level below minimum threshold
2015-06-04 06:00:00,23,Failure Code 3: Fuse blown due to excess voltage
2015-07-19 06:00:00,23,Failure Code 2: Unstable vibrations
2015-08-03 06:00:00,23,Failure Code 3: Fuse blown due to excess voltage
2015-09-02 06:00:00,23,Failure Code 2: Unstable vibrations
2015-10-02 06:00:00,23,Failure Code 3: Fuse blown due to excess voltage
2015-10-17 06:00:00,23,Failure Code 4: Pressure buildup
2015-11-16 06:00:00,23,Failure Code 3: Fuse blown due to excess voltage
2015-12-16 06:00:00,23,Failure Code 4: Pressure buildup
2015-01-02 06:00:00,24,Failure Code 1: Oil level below minimum threshold
2015-02-16 06:00:00,24,Failure Code 1: Oil level below minimum threshold
2015-04-02 06:00:00,24,Failure Code 4: Pressure buildup
2015-04-17 06:00:00,24,Failure Code 3: Fuse blown due to excess voltage
2015-07-01 06:00:00,24,Failure Code 3: Fuse blown due to excess voltage
2015-07-31 06:00:00,24,Failure Code 4: Pressure buildup
2015-09-29 06:00:00,24,Failure Code 1: Oil level below minimum threshold
2015-10-14 06:00:00,24,Failure Code 3: Fuse blown due to excess voltage
2015-11-13 06:00:00,24,Failure Code 4: Pressure buildup
2015-11-28 06:00:00,24,Failure Code 3: Fuse blown due to excess voltage
2015-03-05 06:00:00,25,Failure Code 1: Oil level below minimum threshold
2015-05-04 06:00:00,25,Failure Code 4: Pressure buildup
2015-06-03 06:00:00,25,Failure Code 1: Oil level below minimum threshold
2015-06-03 06:00:00,25,Failure Code 2: Unstable vibrations
2015-08-17 06:00:00,25,Failure Code 2: Unstable vibrations
2015-08-17 06:00:00,25,Failure Code 4: Pressure buildup
2015-10-31 06:00:00,25,Failure Code 2: Unstable vibrations
2015-11-30 06:00:00,25,Failure Code 4: Pressure buildup
2015-04-06 06:00:00,26,Failure Code 1: Oil level below minimum threshold
2015-08-19 06:00:00,26,Failure Code 2: Unstable vibrations
2015-09-03 06:00:00,26,Failure Code 1: Oil level below minimum threshold
2015-10-18 06:00:00,26,Failure Code 2: Unstable vibrations
2015-11-02 06:00:00,26,Failure Code 1: Oil level below minimum threshold
2015-11-17 06:00:00,26,Failure Code 2: Unstable vibrations
2015-01-10 06:00:00,27,Failure Code 2: Unstable vibrations
2015-01-25 06:00:00,27,Failure Code 1: Oil level below minimum threshold
2015-02-24 06:00:00,27,Failure Code 2: Unstable vibrations
2015-03-17 06:00:00,28,Failure Code 2: Unstable vibrations
2015-05-01 06:00:00,28,Failure Code 1: Oil level below minimum threshold
2015-06-15 06:00:00,28,Failure Code 2: Unstable vibrations
2015-08-14 06:00:00,28,Failure Code 1: Oil level below minimum threshold
2015-12-27 06:00:00,28,Failure Code 1: Oil level below minimum threshold
2015-03-03 06:00:00,29,Failure Code 1: Oil level below minimum threshold
2015-11-28 06:00:00,29,Failure Code 2: Unstable vibrations
2015-01-09 06:00:00,30,Failure Code 4: Pressure buildup
2015-03-25 06:00:00,30,Failure Code 4: Pressure buildup
2015-08-07 06:00:00,30,Failure Code 2: Unstable vibrations
2015-08-07 06:00:00,30,Failure Code 4: Pressure buildup
2015-12-05 06:00:00,30,Failure Code 4: Pressure buildup
2015-03-23 06:00:00,31,Failure Code 3: Fuse blown due to excess voltage
2015-05-22 06:00:00,31,Failure Code 1: Oil level below minimum threshold
2015-07-06 06:00:00,31,Failure Code 3: Fuse blown due to excess voltage
2015-09-04 06:00:00,31,Failure Code 3: Fuse blown due to excess voltage
2015-10-19 06:00:00,31,Failure Code 2: Unstable vibrations
2015-11-18 06:00:00,31,Failure Code 1: Oil level below minimum threshold
2015-11-18 06:00:00,31,Failure Code 3: Fuse blown due to excess voltage
2015-01-10 06:00:00,32,Failure Code 1: Oil level below minimum threshold
2015-02-09 06:00:00,32,Failure Code 4: Pressure buildup
2015-03-11 06:00:00,32,Failure Code 1: Oil level below minimum threshold
2015-04-10 06:00:00,32,Failure Code 4: Pressure buildup
2015-05-10 06:00:00,32,Failure Code 2: Unstable vibrations
2015-06-24 06:00:00,32,Failure Code 2: Unstable vibrations
2015-06-24 06:00:00,32,Failure Code 4: Pressure buildup
2015-08-08 06:00:00,32,Failure Code 1: Oil level below minimum threshold
2015-09-22 06:00:00,32,Failure Code 4: Pressure buildup
2015-11-06 06:00:00,32,Failure Code 1: Oil level below minimum threshold
2015-01-31 06:00:00,33,Failure Code 1: Oil level below minimum threshold
2015-01-31 06:00:00,33,Failure Code 4: Pressure buildup
2015-04-01 06:00:00,33,Failure Code 4: Pressure buildup
2015-05-01 06:00:00,33,Failure Code 2: Unstable vibrations
2015-05-31 06:00:00,33,Failure Code 2: Unstable vibrations
2015-06-15 06:00:00,33,Failure Code 4: Pressure buildup
2015-08-29 06:00:00,33,Failure Code 4: Pressure buildup
2015-09-28 06:00:00,33,Failure Code 2: Unstable vibrations
2015-11-27 06:00:00,33,Failure Code 1: Oil level below minimum threshold
2015-04-16 06:00:00,34,Failure Code 1: Oil level below minimum threshold
2015-10-28 06:00:00,34,Failure Code 2: Unstable vibrations
2015-11-12 06:00:00,34,Failure Code 1: Oil level below minimum threshold
2015-01-02 03:00:00,35,Failure Code 1: Oil level below minimum threshold
2015-01-06 06:00:00,35,Failure Code 4: Pressure buildup
2015-02-05 06:00:00,35,Failure Code 3: Fuse blown due to excess voltage
2015-03-22 06:00:00,35,Failure Code 4: Pressure buildup
2015-04-06 06:00:00,35,Failure Code 3: Fuse blown due to excess voltage
2015-05-06 06:00:00,35,Failure Code 4: Pressure buildup
2015-05-21 06:00:00,35,Failure Code 1: Oil level below minimum threshold
2015-07-20 06:00:00,35,Failure Code 2: Unstable vibrations
2015-08-04 06:00:00,35,Failure Code 1: Oil level below minimum threshold
2015-09-18 06:00:00,35,Failure Code 1: Oil level below minimum threshold
2015-09-18 06:00:00,35,Failure Code 4: Pressure buildup
2015-02-21 06:00:00,36,Failure Code 1: Oil level below minimum threshold
2015-06-06 06:00:00,36,Failure Code 1: Oil level below minimum threshold
2015-06-21 06:00:00,36,Failure Code 2: Unstable vibrations
2015-09-04 06:00:00,36,Failure Code 2: Unstable vibrations
2015-01-04 06:00:00,37,Failure Code 4: Pressure buildup
2015-02-03 06:00:00,37,Failure Code 3: Fuse blown due to excess voltage
2015-04-19 06:00:00,37,Failure Code 4: Pressure buildup
2015-05-19 06:00:00,37,Failure Code 3: Fuse blown due to excess voltage
2015-06-03 06:00:00,37,Failure Code 4: Pressure buildup
2015-06-18 06:00:00,37,Failure Code 1: Oil level below minimum threshold
2015-07-03 06:00:00,37,Failure Code 3: Fuse blown due to excess voltage
2015-07-18 06:00:00,37,Failure Code 4: Pressure buildup
2015-08-17 06:00:00,37,Failure Code 2: Unstable vibrations
2015-09-16 06:00:00,37,Failure Code 2: Unstable vibrations
2015-10-01 06:00:00,37,Failure Code 4: Pressure buildup
2015-11-15 06:00:00,37,Failure Code 2: Unstable vibrations
2015-11-30 06:00:00,37,Failure Code 3: Fuse blown due to excess voltage
2015-12-15 06:00:00,37,Failure Code 4: Pressure buildup
2015-01-17 06:00:00,38,Failure Code 4: Pressure buildup
2015-04-02 06:00:00,38,Failure Code 2: Unstable vibrations
2015-04-17 06:00:00,38,Failure Code 4: Pressure buildup
2015-07-01 06:00:00,38,Failure Code 2: Unstable vibrations
2015-08-30 06:00:00,38,Failure Code 4: Pressure buildup
2015-12-13 06:00:00,38,Failure Code 1: Oil level below minimum threshold
2015-12-13 06:00:00,38,Failure Code 4: Pressure buildup
2015-04-01 06:00:00,39,Failure Code 2: Unstable vibrations
2015-07-30 06:00:00,39,Failure Code 1: Oil level below minimum threshold
2015-10-13 06:00:00,39,Failure Code 2: Unstable vibrations
2015-12-27 06:00:00,39,Failure Code 2: Unstable vibrations
2015-01-04 06:00:00,40,Failure Code 3: Fuse blown due to excess voltage
2015-02-18 06:00:00,40,Failure Code 1: Oil level below minimum threshold
2015-04-04 06:00:00,40,Failure Code 1: Oil level below minimum threshold
2015-06-03 06:00:00,40,Failure Code 3: Fuse blown due to excess voltage
2015-06-18 06:00:00,40,Failure Code 2: Unstable vibrations
2015-07-03 06:00:00,40,Failure Code 1: Oil level below minimum threshold
2015-08-17 06:00:00,40,Failure Code 2: Unstable vibrations
2015-11-30 06:00:00,40,Failure Code 1: Oil level below minimum threshold
2015-12-15 06:00:00,40,Failure Code 3: Fuse blown due to excess voltage
2015-02-01 06:00:00,41,Failure Code 1: Oil level below minimum threshold
2015-05-02 06:00:00,41,Failure Code 1: Oil level below minimum threshold
2015-10-29 06:00:00,41,Failure Code 1: Oil level below minimum threshold
2015-01-21 06:00:00,42,Failure Code 1: Oil level below minimum threshold
2015-04-06 06:00:00,42,Failure Code 3: Fuse blown due to excess voltage
2015-05-06 06:00:00,42,Failure Code 1: Oil level below minimum threshold
2015-06-05 06:00:00,42,Failure Code 2: Unstable vibrations
2015-06-20 06:00:00,42,Failure Code 3: Fuse blown due to excess voltage
2015-08-19 06:00:00,42,Failure Code 2: Unstable vibrations
2015-09-18 06:00:00,42,Failure Code 3: Fuse blown due to excess voltage
2015-11-17 06:00:00,42,Failure Code 2: Unstable vibrations
2015-12-17 06:00:00,42,Failure Code 3: Fuse blown due to excess voltage
2015-02-05 06:00:00,43,Failure Code 1: Oil level below minimum threshold
2015-02-20 06:00:00,43,Failure Code 4: Pressure buildup
2015-03-22 06:00:00,43,Failure Code 2: Unstable vibrations
2015-05-21 06:00:00,43,Failure Code 2: Unstable vibrations
2015-06-05 06:00:00,43,Failure Code 1: Oil level below minimum threshold
2015-07-20 06:00:00,43,Failure Code 1: Oil level below minimum threshold
2015-08-04 06:00:00,43,Failure Code 2: Unstable vibrations
2015-10-03 06:00:00,43,Failure Code 4: Pressure buildup
2015-11-02 06:00:00,43,Failure Code 1: Oil level below minimum threshold
2015-11-17 06:00:00,43,Failure Code 2: Unstable vibrations
2015-03-16 06:00:00,44,Failure Code 2: Unstable vibrations
2015-06-14 06:00:00,44,Failure Code 1: Oil level below minimum threshold
2015-07-29 06:00:00,44,Failure Code 2: Unstable vibrations
2015-08-28 06:00:00,44,Failure Code 1: Oil level below minimum threshold
2015-01-02 03:00:00,45,Failure Code 1: Oil level below minimum threshold
2015-01-22 06:00:00,45,Failure Code 2: Unstable vibrations
2015-02-21 06:00:00,45,Failure Code 4: Pressure buildup
2015-05-22 06:00:00,45,Failure Code 4: Pressure buildup
2015-07-21 06:00:00,45,Failure Code 4: Pressure buildup
2015-10-19 06:00:00,45,Failure Code 4: Pressure buildup
2015-11-03 06:00:00,45,Failure Code 1: Oil level below minimum threshold
2015-02-22 06:00:00,46,Failure Code 2: Unstable vibrations
2015-11-19 06:00:00,46,Failure Code 2: Unstable vibrations
2015-01-24 06:00:00,47,Failure Code 3: Fuse blown due to excess voltage
2015-03-25 06:00:00,47,Failure Code 1: Oil level below minimum threshold
2015-04-09 06:00:00,47,Failure Code 2: Unstable vibrations
2015-06-23 06:00:00,47,Failure Code 3: Fuse blown due to excess voltage
2015-07-08 06:00:00,47,Failure Code 2: Unstable vibrations
2015-08-07 06:00:00,47,Failure Code 1: Oil level below minimum threshold
2015-09-21 06:00:00,47,Failure Code 3: Fuse blown due to excess voltage
2015-10-21 06:00:00,47,Failure Code 2: Unstable vibrations
2015-11-20 06:00:00,47,Failure Code 2: Unstable vibrations
2015-12-20 06:00:00,47,Failure Code 2: Unstable vibrations
2015-01-11 06:00:00,48,Failure Code 2: Unstable vibrations
2015-03-12 06:00:00,48,Failure Code 1: Oil level below minimum threshold
2015-05-11 06:00:00,48,Failure Code 2: Unstable vibrations
2015-07-10 06:00:00,48,Failure Code 2: Unstable vibrations
2015-07-25 06:00:00,48,Failure Code 1: Oil level below minimum threshold
2015-09-08 06:00:00,48,Failure Code 1: Oil level below minimum threshold
2015-11-07 06:00:00,48,Failure Code 2: Unstable vibrations
2015-03-01 06:00:00,49,Failure Code 4: Pressure buildup
2015-03-16 06:00:00,49,Failure Code 3: Fuse blown due to excess voltage
2015-04-15 06:00:00,49,Failure Code 4: Pressure buildup
2015-05-15 06:00:00,49,Failure Code 2: Unstable vibrations
2015-07-14 06:00:00,49,Failure Code 4: Pressure buildup
2015-07-29 06:00:00,49,Failure Code 3: Fuse blown due to excess voltage
2015-09-12 06:00:00,49,Failure Code 2: Unstable vibrations
2015-09-12 06:00:00,49,Failure Code 3: Fuse blown due to excess voltage
2015-10-12 06:00:00,49,Failure Code 4: Pressure buildup
2015-11-11 06:00:00,49,Failure Code 3: Fuse blown due to excess voltage
2015-11-26 06:00:00,49,Failure Code 2: Unstable vibrations
2015-12-26 06:00:00,49,Failure Code 4: Pressure buildup
2015-01-30 06:00:00,50,Failure Code 1: Oil level below minimum threshold
2015-04-30 06:00:00,50,Failure Code 2: Unstable vibrations
2015-09-12 06:00:00,50,Failure Code 2: Unstable vibrations
2015-10-12 06:00:00,50,Failure Code 2: Unstable vibrations
2015-01-02 03:00:00,51,Failure Code 1: Oil level below minimum threshold
2015-03-02 06:00:00,51,Failure Code 4: Pressure buildup
2015-04-01 06:00:00,51,Failure Code 2: Unstable vibrations
2015-05-31 06:00:00,51,Failure Code 2: Unstable vibrations
2015-06-30 06:00:00,51,Failure Code 2: Unstable vibrations
2015-07-15 06:00:00,51,Failure Code 4: Pressure buildup
2015-09-13 06:00:00,51,Failure Code 2: Unstable vibrations
2015-09-28 06:00:00,51,Failure Code 4: Pressure buildup
2015-11-27 06:00:00,51,Failure Code 4: Pressure buildup
2015-12-12 06:00:00,51,Failure Code 2: Unstable vibrations
2015-01-19 06:00:00,52,Failure Code 2: Unstable vibrations
2015-01-19 06:00:00,52,Failure Code 4: Pressure buildup
2015-07-18 06:00:00,52,Failure Code 4: Pressure buildup
2015-08-02 06:00:00,52,Failure Code 2: Unstable vibrations
2015-10-31 06:00:00,52,Failure Code 1: Oil level below minimum threshold
2015-10-31 06:00:00,52,Failure Code 4: Pressure buildup
2015-12-30 06:00:00,52,Failure Code 4: Pressure buildup
2015-03-29 06:00:00,53,Failure Code 1: Oil level below minimum threshold
2015-05-13 06:00:00,53,Failure Code 2: Unstable vibrations
2015-07-12 06:00:00,53,Failure Code 1: Oil level below minimum threshold
2015-10-10 06:00:00,53,Failure Code 1: Oil level below minimum threshold
2015-11-09 06:00:00,53,Failure Code 2: Unstable vibrations
2015-12-09 06:00:00,53,Failure Code 2: Unstable vibrations
2015-01-15 06:00:00,54,Failure Code 3: Fuse blown due to excess voltage
2015-03-31 06:00:00,54,Failure Code 3: Fuse blown due to excess voltage
2015-04-30 06:00:00,54,Failure Code 2: Unstable vibrations
2015-06-29 06:00:00,54,Failure Code 3: Fuse blown due to excess voltage
2015-12-26 06:00:00,54,Failure Code 2: Unstable vibrations
2015-03-07 06:00:00,55,Failure Code 4: Pressure buildup
2015-04-21 06:00:00,55,Failure Code 2: Unstable vibrations
2015-06-05 06:00:00,55,Failure Code 4: Pressure buildup
2015-06-20 06:00:00,55,Failure Code 1: Oil level below minimum threshold
2015-08-04 06:00:00,55,Failure Code 1: Oil level below minimum threshold
2015-08-19 06:00:00,55,Failure Code 4: Pressure buildup
2015-09-03 06:00:00,55,Failure Code 2: Unstable vibrations
2015-12-02 06:00:00,55,Failure Code 1: Oil level below minimum threshold
2015-01-02 03:00:00,56,Failure Code 3: Fuse blown due to excess voltage
2015-01-14 06:00:00,56,Failure Code 3: Fuse blown due to excess voltage
2015-03-15 06:00:00,56,Failure Code 3: Fuse blown due to excess voltage
2015-04-14 06:00:00,56,Failure Code 1: Oil level below minimum threshold
2015-04-29 06:00:00,56,Failure Code 2: Unstable vibrations
2015-06-13 06:00:00,56,Failure Code 3: Fuse blown due to excess voltage
2015-09-26 06:00:00,56,Failure Code 2: Unstable vibrations
2015-09-26 06:00:00,56,Failure Code 3: Fuse blown due to excess voltage
2015-11-10 06:00:00,56,Failure Code 1: Oil level below minimum threshold
2015-11-25 06:00:00,56,Failure Code 2: Unstable vibrations
2015-12-25 06:00:00,56,Failure Code 1: Oil level below minimum threshold
2015-02-07 06:00:00,57,Failure Code 1: Oil level below minimum threshold
2015-11-04 06:00:00,57,Failure Code 1: Oil level below minimum threshold
2015-01-02 03:00:00,58,Failure Code 2: Unstable vibrations
2015-01-31 06:00:00,58,Failure Code 3: Fuse blown due to excess voltage
2015-05-01 06:00:00,58,Failure Code 3: Fuse blown due to excess voltage
2015-05-16 06:00:00,58,Failure Code 1: Oil level below minimum threshold
2015-05-31 06:00:00,58,Failure Code 2: Unstable vibrations
2015-07-30 06:00:00,58,Failure Code 3: Fuse blown due to excess voltage
2015-09-28 06:00:00,58,Failure Code 3: Fuse blown due to excess voltage
2015-12-12 06:00:00,58,Failure Code 2: Unstable vibrations
2015-01-02 03:00:00,59,Failure Code 1: Oil level below minimum threshold
2015-02-04 06:00:00,59,Failure Code 4: Pressure buildup
2015-04-05 06:00:00,59,Failure Code 4: Pressure buildup
2015-05-20 06:00:00,59,Failure Code 4: Pressure buildup
2015-07-19 06:00:00,59,Failure Code 1: Oil level below minimum threshold
2015-08-03 06:00:00,59,Failure Code 2: Unstable vibrations
2015-08-18 06:00:00,59,Failure Code 4: Pressure buildup
2015-10-17 06:00:00,59,Failure Code 2: Unstable vibrations
2015-01-30 06:00:00,60,Failure Code 2: Unstable vibrations
2015-04-15 06:00:00,60,Failure Code 2: Unstable vibrations
2015-07-29 06:00:00,60,Failure Code 2: Unstable vibrations
2015-09-12 06:00:00,60,Failure Code 2: Unstable vibrations
2015-02-27 06:00:00,61,Failure Code 2: Unstable vibrations
2015-08-11 06:00:00,61,Failure Code 2: Unstable vibrations
2015-10-25 06:00:00,61,Failure Code 1: Oil level below minimum threshold
2015-11-24 06:00:00,61,Failure Code 2: Unstable vibrations
2015-01-13 06:00:00,62,Failure Code 1: Oil level below minimum threshold
2015-01-28 06:00:00,62,Failure Code 4: Pressure buildup
2015-05-28 06:00:00,62,Failure Code 4: Pressure buildup
2015-06-27 06:00:00,62,Failure Code 2: Unstable vibrations
2015-08-11 06:00:00,62,Failure Code 1: Oil level below minimum threshold
2015-12-09 06:00:00,62,Failure Code 4: Pressure buildup
2015-12-24 06:00:00,62,Failure Code 2: Unstable vibrations
2015-01-28 06:00:00,63,Failure Code 1: Oil level below minimum threshold
2015-01-28 06:00:00,63,Failure Code 2: Unstable vibrations
2015-03-14 06:00:00,63,Failure Code 4: Pressure buildup
2015-05-13 06:00:00,63,Failure Code 4: Pressure buildup
2015-05-28 06:00:00,63,Failure Code 2: Unstable vibrations
2015-07-27 06:00:00,63,Failure Code 4: Pressure buildup
2015-10-25 06:00:00,63,Failure Code 4: Pressure buildup
2015-11-09 06:00:00,63,Failure Code 2: Unstable vibrations
2015-01-05 06:00:00,64,Failure Code 4: Pressure buildup
2015-01-20 06:00:00,64,Failure Code 2: Unstable vibrations
2015-02-19 06:00:00,64,Failure Code 4: Pressure buildup
2015-04-05 06:00:00,64,Failure Code 2: Unstable vibrations
2015-05-05 06:00:00,64,Failure Code 4: Pressure buildup
2015-09-17 06:00:00,64,Failure Code 4: Pressure buildup
2015-10-17 06:00:00,64,Failure Code 2: Unstable vibrations
2015-12-31 06:00:00,64,Failure Code 1: Oil level below minimum threshold
2015-03-17 06:00:00,65,Failure Code 1: Oil level below minimum threshold
2015-05-31 06:00:00,65,Failure Code 1: Oil level below minimum threshold
2015-06-30 06:00:00,65,Failure Code 4: Pressure buildup
2015-08-14 06:00:00,65,Failure Code 1: Oil level below minimum threshold
2015-08-14 06:00:00,65,Failure Code 2: Unstable vibrations
2015-09-13 06:00:00,65,Failure Code 4: Pressure buildup
2015-02-18 06:00:00,66,Failure Code 1: Oil level below minimum threshold
2015-05-19 06:00:00,66,Failure Code 1: Oil level below minimum threshold
2015-05-19 06:00:00,66,Failure Code 2: Unstable vibrations
2015-10-01 06:00:00,66,Failure Code 1: Oil level below minimum threshold
2015-12-15 06:00:00,66,Failure Code 1: Oil level below minimum threshold
2015-01-16 06:00:00,67,Failure Code 2: Unstable vibrations
2015-03-17 06:00:00,67,Failure Code 2: Unstable vibrations
2015-05-31 06:00:00,67,Failure Code 4: Pressure buildup
2015-06-15 06:00:00,67,Failure Code 1: Oil level below minimum threshold
2015-07-15 06:00:00,67,Failure Code 2: Unstable vibrations
2015-08-29 06:00:00,67,Failure Code 4: Pressure buildup
2015-09-13 06:00:00,67,Failure Code 2: Unstable vibrations
2015-09-28 06:00:00,67,Failure Code 1: Oil level below minimum threshold
2015-10-13 06:00:00,67,Failure Code 2: Unstable vibrations
2015-04-02 06:00:00,68,Failure Code 2: Unstable vibrations
2015-08-15 06:00:00,68,Failure Code 2: Unstable vibrations
2015-11-28 06:00:00,68,Failure Code 1: Oil level below minimum threshold
2015-12-13 06:00:00,68,Failure Code 2: Unstable vibrations
2015-01-05 06:00:00,69,Failure Code 2: Unstable vibrations
2015-01-20 06:00:00,69,Failure Code 3: Fuse blown due to excess voltage
2015-02-04 06:00:00,69,Failure Code 4: Pressure buildup
2015-04-20 06:00:00,69,Failure Code 4: Pressure buildup
2015-05-20 06:00:00,69,Failure Code 2: Unstable vibrations
2015-08-03 06:00:00,69,Failure Code 3: Fuse blown due to excess voltage
2015-08-18 06:00:00,69,Failure Code 2: Unstable vibrations
2015-09-02 06:00:00,69,Failure Code 4: Pressure buildup
2015-10-17 06:00:00,69,Failure Code 4: Pressure buildup
2015-11-01 06:00:00,69,Failure Code 3: Fuse blown due to excess voltage
2015-01-28 06:00:00,70,Failure Code 1: Oil level below minimum threshold
2015-05-28 06:00:00,70,Failure Code 2: Unstable vibrations
2015-07-12 06:00:00,70,Failure Code 1: Oil level below minimum threshold
2015-11-09 06:00:00,70,Failure Code 1: Oil level below minimum threshold
2015-12-09 06:00:00,70,Failure Code 2: Unstable vibrations
2015-01-11 06:00:00,71,Failure Code 2: Unstable vibrations
2015-01-26 06:00:00,71,Failure Code 3: Fuse blown due to excess voltage
2015-01-26 06:00:00,71,Failure Code 4: Pressure buildup
2015-02-10 06:00:00,71,Failure Code 1: Oil level below minimum threshold
2015-02-25 06:00:00,71,Failure Code 2: Unstable vibrations
2015-03-12 06:00:00,71,Failure Code 3: Fuse blown due to excess voltage
2015-03-27 06:00:00,71,Failure Code 1: Oil level below minimum threshold
2015-04-26 06:00:00,71,Failure Code 2: Unstable vibrations
2015-06-10 06:00:00,71,Failure Code 4: Pressure buildup
2015-06-25 06:00:00,71,Failure Code 3: Fuse blown due to excess voltage
2015-07-25 06:00:00,71,Failure Code 4: Pressure buildup
2015-09-23 06:00:00,71,Failure Code 3: Fuse blown due to excess voltage
2015-10-08 06:00:00,71,Failure Code 4: Pressure buildup
2015-03-24 06:00:00,72,Failure Code 1: Oil level below minimum threshold
2015-09-05 06:00:00,72,Failure Code 1: Oil level below minimum threshold
2015-01-02 03:00:00,73,Failure Code 2: Unstable vibrations
2015-01-02 06:00:00,73,Failure Code 3: Fuse blown due to excess voltage
2015-02-16 06:00:00,73,Failure Code 4: Pressure buildup
2015-04-02 06:00:00,73,Failure Code 1: Oil level below minimum threshold
2015-04-17 06:00:00,73,Failure Code 4: Pressure buildup
2015-05-02 06:00:00,73,Failure Code 3: Fuse blown due to excess voltage
2015-05-17 06:00:00,73,Failure Code 1: Oil level below minimum threshold
2015-07-16 06:00:00,73,Failure Code 1: Oil level below minimum threshold
2015-08-30 06:00:00,73,Failure Code 3: Fuse blown due to excess voltage
2015-09-14 06:00:00,73,Failure Code 4: Pressure buildup
2015-11-13 06:00:00,73,Failure Code 3: Fuse blown due to excess voltage
2015-11-28 06:00:00,73,Failure Code 1: Oil level below minimum threshold
2015-01-23 06:00:00,74,Failure Code 1: Oil level below minimum threshold
2015-03-09 06:00:00,74,Failure Code 2: Unstable vibrations
2015-05-08 06:00:00,74,Failure Code 2: Unstable vibrations
2015-06-22 06:00:00,74,Failure Code 2: Unstable vibrations
2015-07-22 06:00:00,74,Failure Code 2: Unstable vibrations
2015-10-20 06:00:00,74,Failure Code 2: Unstable vibrations
2015-01-07 06:00:00,75,Failure Code 1: Oil level below minimum threshold
2015-02-06 06:00:00,75,Failure Code 4: Pressure buildup
2015-04-07 06:00:00,75,Failure Code 1: Oil level below minimum threshold
2015-05-07 06:00:00,75,Failure Code 4: Pressure buildup
2015-06-06 06:00:00,75,Failure Code 2: Unstable vibrations
2015-07-21 06:00:00,75,Failure Code 2: Unstable vibrations
2015-08-20 06:00:00,75,Failure Code 2: Unstable vibrations
2015-09-04 06:00:00,75,Failure Code 4: Pressure buildup
2015-10-19 06:00:00,75,Failure Code 2: Unstable vibrations
2015-01-18 06:00:00,76,Failure Code 3: Fuse blown due to excess voltage
2015-02-02 06:00:00,76,Failure Code 1: Oil level below minimum threshold
2015-03-04 06:00:00,76,Failure Code 2: Unstable vibrations
2015-03-19 06:00:00,76,Failure Code 1: Oil level below minimum threshold
2015-04-03 06:00:00,76,Failure Code 3: Fuse blown due to excess voltage
2015-05-03 06:00:00,76,Failure Code 2: Unstable vibrations
2015-08-16 06:00:00,76,Failure Code 3: Fuse blown due to excess voltage
2015-09-30 06:00:00,76,Failure Code 3: Fuse blown due to excess voltage
2015-11-29 06:00:00,76,Failure Code 3: Fuse blown due to excess voltage
2015-02-05 06:00:00,78,Failure Code 4: Pressure buildup
2015-02-20 06:00:00,78,Failure Code 2: Unstable vibrations
2015-03-07 06:00:00,78,Failure Code 1: Oil level below minimum threshold
2015-06-05 06:00:00,78,Failure Code 4: Pressure buildup
2015-07-05 06:00:00,78,Failure Code 1: Oil level below minimum threshold
2015-07-20 06:00:00,78,Failure Code 4: Pressure buildup
2015-09-03 06:00:00,78,Failure Code 4: Pressure buildup
2015-11-02 06:00:00,78,Failure Code 4: Pressure buildup
2015-12-17 06:00:00,78,Failure Code 2: Unstable vibrations
2015-01-02 03:00:00,79,Failure Code 1: Oil level below minimum threshold
2015-03-03 06:00:00,79,Failure Code 2: Unstable vibrations
2015-03-18 06:00:00,79,Failure Code 4: Pressure buildup
2015-04-02 06:00:00,79,Failure Code 1: Oil level below minimum threshold
2015-05-17 06:00:00,79,Failure Code 4: Pressure buildup
2015-06-16 06:00:00,79,Failure Code 2: Unstable vibrations
2015-07-01 06:00:00,79,Failure Code 1: Oil level below minimum threshold
2015-09-14 06:00:00,79,Failure Code 2: Unstable vibrations
2015-09-29 06:00:00,79,Failure Code 4: Pressure buildup
2015-12-13 06:00:00,79,Failure Code 4: Pressure buildup
2015-01-02 03:00:00,80,Failure Code 2: Unstable vibrations
2015-07-12 06:00:00,80,Failure Code 2: Unstable vibrations
2015-09-10 06:00:00,80,Failure Code 2: Unstable vibrations
2015-11-09 06:00:00,80,Failure Code 2: Unstable vibrations
2015-12-09 06:00:00,80,Failure Code 2: Unstable vibrations
2015-01-02 06:00:00,81,Failure Code 1: Oil level below minimum threshold
2015-01-17 06:00:00,81,Failure Code 2: Unstable vibrations
2015-02-16 06:00:00,81,Failure Code 1: Oil level below minimum threshold
2015-03-03 06:00:00,81,Failure Code 2: Unstable vibrations
2015-04-17 06:00:00,81,Failure Code 2: Unstable vibrations
2015-06-16 06:00:00,81,Failure Code 2: Unstable vibrations
2015-10-14 06:00:00,81,Failure Code 2: Unstable vibrations
2015-12-13 06:00:00,81,Failure Code 2: Unstable vibrations
2015-01-28 06:00:00,82,Failure Code 1: Oil level below minimum threshold
2015-03-29 06:00:00,82,Failure Code 1: Oil level below minimum threshold
2015-05-13 06:00:00,82,Failure Code 1: Oil level below minimum threshold
2015-12-09 06:00:00,82,Failure Code 2: Unstable vibrations
2015-01-02 03:00:00,83,Failure Code 4: Pressure buildup
2015-01-16 06:00:00,83,Failure Code 4: Pressure buildup
2015-03-17 06:00:00,83,Failure Code 4: Pressure buildup
2015-05-16 06:00:00,83,Failure Code 4: Pressure buildup
2015-05-31 06:00:00,83,Failure Code 2: Unstable vibrations
2015-07-15 06:00:00,83,Failure Code 1: Oil level below minimum threshold
2015-07-15 06:00:00,83,Failure Code 4: Pressure buildup
2015-08-14 06:00:00,83,Failure Code 2: Unstable vibrations
2015-08-29 06:00:00,83,Failure Code 1: Oil level below minimum threshold
2015-09-13 06:00:00,83,Failure Code 2: Unstable vibrations
2015-10-13 06:00:00,83,Failure Code 1: Oil level below minimum threshold
2015-11-27 06:00:00,83,Failure Code 4: Pressure buildup
2015-12-27 06:00:00,83,Failure Code 1: Oil level below minimum threshold
2015-12-27 06:00:00,83,Failure Code 2: Unstable vibrations
2015-01-05 06:00:00,84,Failure Code 2: Unstable vibrations
2015-02-04 06:00:00,84,Failure Code 2: Unstable vibrations
2015-02-19 06:00:00,84,Failure Code 1: Oil level below minimum threshold
2015-04-05 06:00:00,84,Failure Code 2: Unstable vibrations
2015-07-04 06:00:00,84,Failure Code 1: Oil level below minimum threshold
2015-09-02 06:00:00,84,Failure Code 2: Unstable vibrations
2015-10-02 06:00:00,84,Failure Code 1: Oil level below minimum threshold
2015-01-15 06:00:00,85,Failure Code 2: Unstable vibrations
2015-01-30 06:00:00,85,Failure Code 3: Fuse blown due to excess voltage
2015-02-14 06:00:00,85,Failure Code 4: Pressure buildup
2015-05-30 06:00:00,85,Failure Code 3: Fuse blown due to excess voltage
2015-06-29 06:00:00,85,Failure Code 1: Oil level below minimum threshold
2015-08-28 06:00:00,85,Failure Code 4: Pressure buildup
2015-09-12 06:00:00,85,Failure Code 3: Fuse blown due to excess voltage
2015-10-12 06:00:00,85,Failure Code 2: Unstable vibrations
2015-11-11 06:00:00,85,Failure Code 2: Unstable vibrations
2015-12-11 06:00:00,85,Failure Code 3: Fuse blown due to excess voltage
2015-12-26 06:00:00,85,Failure Code 4: Pressure buildup
2015-01-02 03:00:00,86,Failure Code 1: Oil level below minimum threshold
2015-01-23 06:00:00,86,Failure Code 2: Unstable vibrations
2015-09-05 06:00:00,86,Failure Code 1: Oil level below minimum threshold
2015-11-19 06:00:00,86,Failure Code 2: Unstable vibrations
2015-01-02 03:00:00,87,Failure Code 1: Oil level below minimum threshold
2015-03-13 06:00:00,87,Failure Code 3: Fuse blown due to excess voltage
2015-03-28 06:00:00,87,Failure Code 1: Oil level below minimum threshold
2015-04-27 06:00:00,87,Failure Code 2: Unstable vibrations
2015-06-26 06:00:00,87,Failure Code 3: Fuse blown due to excess voltage
2015-08-10 06:00:00,87,Failure Code 1: Oil level below minimum threshold
2015-08-25 06:00:00,87,Failure Code 3: Fuse blown due to excess voltage
2015-10-24 06:00:00,87,Failure Code 3: Fuse blown due to excess voltage
2015-12-23 06:00:00,87,Failure Code 3: Fuse blown due to excess voltage
2015-01-19 06:00:00,88,Failure Code 4: Pressure buildup
2015-02-03 06:00:00,88,Failure Code 2: Unstable vibrations
2015-03-05 06:00:00,88,Failure Code 2: Unstable vibrations
2015-04-04 06:00:00,88,Failure Code 2: Unstable vibrations
2015-07-03 06:00:00,88,Failure Code 1: Oil level below minimum threshold
2015-09-01 06:00:00,88,Failure Code 2: Unstable vibrations
2015-09-01 06:00:00,88,Failure Code 4: Pressure buildup
2015-11-30 06:00:00,88,Failure Code 2: Unstable vibrations
2015-11-30 06:00:00,88,Failure Code 4: Pressure buildup
2015-12-30 06:00:00,88,Failure Code 1: Oil level below minimum threshold
2015-02-07 06:00:00,89,Failure Code 1: Oil level below minimum threshold
2015-03-24 06:00:00,89,Failure Code 4: Pressure buildup
2015-05-23 06:00:00,89,Failure Code 4: Pressure buildup
2015-06-22 06:00:00,89,Failure Code 1: Oil level below minimum threshold
2015-07-22 06:00:00,89,Failure Code 2: Unstable vibrations
2015-08-21 06:00:00,89,Failure Code 2: Unstable vibrations
2015-11-19 06:00:00,89,Failure Code 2: Unstable vibrations
2015-01-20 06:00:00,90,Failure Code 2: Unstable vibrations
2015-02-19 06:00:00,90,Failure Code 2: Unstable vibrations
2015-03-21 06:00:00,90,Failure Code 3: Fuse blown due to excess voltage
2015-04-05 06:00:00,90,Failure Code 1: Oil level below minimum threshold
2015-05-20 06:00:00,90,Failure Code 2: Unstable vibrations
2015-06-04 06:00:00,90,Failure Code 3: Fuse blown due to excess voltage
2015-08-18 06:00:00,90,Failure Code 1: Oil level below minimum threshold
2015-08-18 06:00:00,90,Failure Code 3: Fuse blown due to excess voltage
2015-10-02 06:00:00,90,Failure Code 1: Oil level below minimum threshold
2015-11-01 06:00:00,90,Failure Code 3: Fuse blown due to excess voltage
2015-12-01 06:00:00,90,Failure Code 2: Unstable vibrations
2015-12-31 06:00:00,90,Failure Code 1: Oil level below minimum threshold
2015-02-01 06:00:00,91,Failure Code 2: Unstable vibrations
2015-04-02 06:00:00,91,Failure Code 1: Oil level below minimum threshold
2015-06-16 06:00:00,91,Failure Code 1: Oil level below minimum threshold
2015-07-01 06:00:00,91,Failure Code 2: Unstable vibrations
2015-09-14 06:00:00,91,Failure Code 1: Oil level below minimum threshold
2015-10-29 06:00:00,91,Failure Code 4: Pressure buildup
2015-02-19 06:00:00,92,Failure Code 3: Fuse blown due to excess voltage
2015-04-20 06:00:00,92,Failure Code 1: Oil level below minimum threshold
2015-04-20 06:00:00,92,Failure Code 2: Unstable vibrations
2015-05-20 06:00:00,92,Failure Code 3: Fuse blown due to excess voltage
2015-07-04 06:00:00,92,Failure Code 3: Fuse blown due to excess voltage
2015-08-18 06:00:00,92,Failure Code 3: Fuse blown due to excess voltage
2015-09-02 06:00:00,92,Failure Code 2: Unstable vibrations
2015-10-02 06:00:00,92,Failure Code 2: Unstable vibrations
2015-12-01 06:00:00,92,Failure Code 3: Fuse blown due to excess voltage
2015-03-17 06:00:00,93,Failure Code 4: Pressure buildup
2015-04-01 06:00:00,93,Failure Code 2: Unstable vibrations
2015-04-16 06:00:00,93,Failure Code 1: Oil level below minimum threshold
2015-05-01 06:00:00,93,Failure Code 2: Unstable vibrations
2015-05-16 06:00:00,93,Failure Code 4: Pressure buildup
2015-06-30 06:00:00,93,Failure Code 1: Oil level below minimum threshold
2015-01-02 03:00:00,94,Failure Code 4: Pressure buildup
2015-01-08 06:00:00,94,Failure Code 2: Unstable vibrations
2015-02-22 06:00:00,94,Failure Code 4: Pressure buildup
2015-03-09 06:00:00,94,Failure Code 3: Fuse blown due to excess voltage
2015-05-08 06:00:00,94,Failure Code 3: Fuse blown due to excess voltage
2015-05-23 06:00:00,94,Failure Code 4: Pressure buildup
2015-08-21 06:00:00,94,Failure Code 4: Pressure buildup
2015-10-20 06:00:00,94,Failure Code 3: Fuse blown due to excess voltage
2015-11-19 06:00:00,94,Failure Code 2: Unstable vibrations
2015-11-19 06:00:00,94,Failure Code 4: Pressure buildup
2015-12-19 06:00:00,94,Failure Code 2: Unstable vibrations
2015-02-19 06:00:00,95,Failure Code 4: Pressure buildup
2015-03-21 06:00:00,95,Failure Code 2: Unstable vibrations
2015-04-20 06:00:00,95,Failure Code 3: Fuse blown due to excess voltage
2015-05-05 06:00:00,95,Failure Code 1: Oil level below minimum threshold
2015-06-04 06:00:00,95,Failure Code 3: Fuse blown due to excess voltage
2015-08-18 06:00:00,95,Failure Code 4: Pressure buildup
2015-09-17 06:00:00,95,Failure Code 3: Fuse blown due to excess voltage
2015-10-17 06:00:00,95,Failure Code 4: Pressure buildup
2015-12-31 06:00:00,95,Failure Code 1: Oil level below minimum threshold
2015-02-17 06:00:00,96,Failure Code 3: Fuse blown due to excess voltage
2015-05-03 06:00:00,96,Failure Code 3: Fuse blown due to excess voltage
2015-07-17 06:00:00,96,Failure Code 3: Fuse blown due to excess voltage
2015-08-31 06:00:00,96,Failure Code 3: Fuse blown due to excess voltage
2015-12-29 06:00:00,96,Failure Code 3: Fuse blown due to excess voltage
2015-01-24 06:00:00,97,Failure Code 3: Fuse blown due to excess voltage
2015-01-24 06:00:00,97,Failure Code 4: Pressure buildup
2015-05-09 06:00:00,97,Failure Code 4: Pressure buildup
2015-07-08 06:00:00,97,Failure Code 3: Fuse blown due to excess voltage
2015-07-23 06:00:00,97,Failure Code 4: Pressure buildup
2015-09-06 06:00:00,97,Failure Code 3: Fuse blown due to excess voltage
2015-10-21 06:00:00,97,Failure Code 2: Unstable vibrations
2015-11-20 06:00:00,97,Failure Code 4: Pressure buildup
2015-01-30 06:00:00,98,Failure Code 3: Fuse blown due to excess voltage
2015-02-14 06:00:00,98,Failure Code 1: Oil level below minimum threshold
2015-03-01 06:00:00,98,Failure Code 4: Pressure buildup
2015-04-15 06:00:00,98,Failure Code 3: Fuse blown due to excess voltage
2015-04-30 06:00:00,98,Failure Code 2: Unstable vibrations
2015-04-30 06:00:00,98,Failure Code 4: Pressure buildup
2015-05-15 06:00:00,98,Failure Code 1: Oil level below minimum threshold
2015-05-30 06:00:00,98,Failure Code 3: Fuse blown due to excess voltage
2015-06-14 06:00:00,98,Failure Code 2: Unstable vibrations
2015-06-29 06:00:00,98,Failure Code 1: Oil level below minimum threshold
2015-06-29 06:00:00,98,Failure Code 4: Pressure buildup
2015-07-29 06:00:00,98,Failure Code 3: Fuse blown due to excess voltage
2015-08-13 06:00:00,98,Failure Code 1: Oil level below minimum threshold
2015-08-28 06:00:00,98,Failure Code 2: Unstable vibrations
2015-10-27 06:00:00,98,Failure Code 2: Unstable vibrations
2015-11-26 06:00:00,98,Failure Code 3: Fuse blown due to excess voltage
2015-01-02 03:00:00,99,Failure Code 3: Fuse blown due to excess voltage
2015-01-18 06:00:00,99,Failure Code 4: Pressure buildup
2015-02-02 06:00:00,99,Failure Code 1: Oil level below minimum threshold
2015-02-17 06:00:00,99,Failure Code 2: Unstable vibrations
2015-03-04 06:00:00,99,Failure Code 3: Fuse blown due to excess voltage
2015-03-19 06:00:00,99,Failure Code 4: Pressure buildup
2015-04-03 06:00:00,99,Failure Code 2: Unstable vibrations
2015-04-18 06:00:00,99,Failure Code 3: Fuse blown due to excess voltage
2015-05-03 06:00:00,99,Failure Code 2: Unstable vibrations
2015-05-18 06:00:00,99,Failure Code 1: Oil level below minimum threshold
2015-06-02 06:00:00,99,Failure Code 4: Pressure buildup
2015-07-02 06:00:00,99,Failure Code 2: Unstable vibrations
2015-07-17 06:00:00,99,Failure Code 3: Fuse blown due to excess voltage
2015-08-01 06:00:00,99,Failure Code 2: Unstable vibrations
2015-08-31 06:00:00,99,Failure Code 3: Fuse blown due to excess voltage
2015-10-15 06:00:00,99,Failure Code 2: Unstable vibrations
2015-10-30 06:00:00,99,Failure Code 4: Pressure buildup
2015-11-29 06:00:00,99,Failure Code 3: Fuse blown due to excess voltage
2015-12-14 06:00:00,99,Failure Code 4: Pressure buildup
2015-02-12 06:00:00,100,Failure Code 1: Oil level below minimum threshold
2015-09-10 06:00:00,100,Failure Code 1: Oil level below minimum threshold
2015-12-09 06:00:00,100,Failure Code 2: Unstable vibrations
