category,subcategory,name,description,url,price,image
NVIDIA Electronics,Geforce,GEFORCE NOW $50 MEMBERSHIP GIFT CARD,"GeForce NOW gift cards can be redeemed for either a Priority or Ultimate membership, making it easy for any gamer to upgrade to the membership level of their preference. Play the most anticipated new releases, the world’s largest free-to-play titles, and thousands of games you already own with GeForce performance, streaming from the cloud.

Please note that gift cards cannot be redeemed with GFN Alliance partners.

Gift Card codes will work in the following countries (GFN supported regions):

Åland (Finland), Austria, Canada, Cyprus, Czechia (Czech Republic), Denmark, Finland, France, Germany, Guernsey, Ireland, Isle of Man, Italy, Jersey, Netherlands, Norway, Poland, Saint Pierre and Miquelon, Spain, Sweden, Switzerland, United Kingdom, United States",https://gear.nvidia.com/GeForce-NOW-50-Membership-Gift-Card-P678.aspx,50,https://gear.nvidia.com/GetImage.ashx?Path=%7e%2fAssets%2fProductImages%2fGFN-GiftCardPackaging-Top-GreyV2.jpg&maintainAspectRatio=true&width=800
NVIDIA Electronics,Geforce,NVIDIA® GEFORCE RTX™ 4090,"The NVIDIA® GeForce RTX® 4090 is the ultimate GeForce GPU. It brings an enormous leap in performance, efficiency, and AI-powered graphics. Experience ultra-high performance gaming, incredibly detailed virtual worlds, unprecedented productivity, and new ways to create. It’s powered by the NVIDIA Ada Lovelace architecture and comes with 24 GB of G6X memory to deliver the ultimate experience for gamers and creators.

CUDA Cores: 16384
Boost Clock: 2.52 GHz
Memory Configuration: 24GB GDDR6X
 
Please refer to the graphics card comparison page for a full list of specifications: https://www.nvidia.com/en-us/geforce/graphics-cards/compare/",https://gear.nvidia.com/NVIDIA-GeForce-RTX-4090-P668.aspx,1599,https://gear.nvidia.com/GetImage.ashx?Path=%7e%2fAssets%2fProductImages%2fNV00-0556_1.jpg&maintainAspectRatio=true&width=800
NVIDIA Electronics,Geforce,NVIDIA® GEFORCE RTX™ 4080,"The NVIDIA® GeForce RTX™ 4080 delivers the ultra performance and features that enthusiast gamers and creators demand. Bring your games and creative projects to life with ray tracing and AI-powered graphics. It's powered by the ultra-efficient NVIDIA Ada Lovelace architecture and 16GB of superfast G6X memory.

CUDA Cores: 9728
Boost Clock: 2.51 GHz
Memory Configuration: 16GB GDDR6X
Please refer to the graphics card comparison page for a full list of specifications: https://www.nvidia.com/en-us/geforce/graphics-cards/compare/",https://gear.nvidia.com/NVIDIA-GeForce-RTX-4080-P680.aspx,1199,https://gear.nvidia.com/GetImage.ashx?Path=%7e%2fAssets%2fProductImages%2f4080.jpg&maintainAspectRatio=true&width=800
NVIDIA Electronics,Geforce,NVIDIA® GEFORCE RTX™ 4070,"Get equipped for stellar gaming and creating with the NVIDIA® GeForce RTX™ 4070. It’s built with the ultra-efficient NVIDIA Ada Lovelace architecture. Experience fast ray tracing, AI-accelerated performance with DLSS 3, new ways to create, and much more.  

CUDA Cores: 5888
Boost Clock: 2.48 GHz
Memory Configuration: 12GB GDDR6X
Model 900-1G141-2544-000",https://gear.nvidia.com/NVIDIA-GeForce-RTX-4070-P718.aspx,599,https://gear.nvidia.com/GetImage.ashx?Path=%7e%2fAssets%2fProductImages%2f4070_2.jpg&maintainAspectRatio=true&width=800
NVIDIA Electronics,Geforce,NVIDIA® GEFORCE™ RTX 4060TI 8GB,"Game, stream, create. The GeForce RTX™ 4060 Ti lets you take on the latest games and apps with the ultra-efficient NVIDIA Ada Lovelace architecture. Experience immersive, AI-accelerated gaming with ray tracing and DLSS 3, and supercharge your creative process and productivity with NVIDIA Studio

CUDA Cores: 4352
Boost Clock: 2.54 GHz
Memory Configuration: 8GB GDDR6",https://gear.nvidia.com/NVIDIA-GeForce-RTX-4060Ti-8GB-P732.aspx,299,https://gear.nvidia.com/GetImage.ashx?Path=%7e%2fAssets%2fProductImages%2f4060Ti-Back-800x800.jpg&maintainAspectRatio=true&width=800
NVIDIA Electronics,Geforce,NVIDIA® GEFORCE RTX™ 4070 SUPER,"Product Description: Get equipped for supercharged gaming and creating with the NVIDIA® GeForce RTX™ 4070 SUPER. It’s built with the ultra-efficient NVIDIA Ada Lovelace architecture. Experience super-fast ray tracing, AI-accelerated performance with DLSS 3, new ways to create, and much more.

CUDA Cores: 7168
Boost Clock: 2.48 GHz
Memory Configuration: 12GB GDDR6X",https://gear.nvidia.com/NVIDIA-GeForce-RTX-4070-Super-P774.aspx,799,https://gear.nvidia.com/GetImage.ashx?Path=%7e%2fAssets%2fProductImages%2fNV00-0656-Back.jpg&maintainAspectRatio=true&width=800
NVIDIA Electronics,Shield,NVIDIA® SHIELD™ REMOTE (2020),"Motion-activated, backlit buttons
Mic for voice search and control
Bluetooth connectivity
IR for TV control
Built-in lost remote locator
930-13700-2500-100",https://gear.nvidia.com/NVIDIA-SHIELD-REMOTE-2020-P543.aspx,54.99,https://gear.nvidia.com/GetImage.ashx?Path=%7e%2fAssets%2fProductImages%2fNV00-0452.jpg&maintainAspectRatio=true&width=800
NVIDIA Electronics,Shield,NVIDIA® SHIELD™ TV 2019,"NVIDIA® SHIELD® TV is the ultimate streaming media player for the modern living room. Enjoy a cinematic experience with stunning visuals brought to you by Dolby Vision HDR, and immersive audio with Dolby Atmos surround sound. The new SHIELD TV is compact, stealth, and designed to disappear behind your entertainment center, right along with your cables. Now powered by the latest NVIDIA Tegra X1+ processor, SHIELD TV is faster, and smarter. Level up. Experience more.",https://gear.nvidia.com/NVIDIA-SHIELD-TV-2019-bNAb-P524.aspx,199,https://gear.nvidia.com/GetImage.ashx?Path=%7e%2fAssets%2fProductImages%2fNV00-0426.jpg&maintainAspectRatio=true&width=800
NVIDIA Electronics,Shield,NVIDIA® SHIELD™ TV PRO 2019,"NVIDIA® SHIELD® TV Pro is the supreme streaming media player - packed with features to make even the most demanding users proud. Beautifully designed to be the perfect centerpiece of your entertainment center. Enjoy a cinematic experience with stunning visuals brought to you by Dolby Vision HDR, and immersive audio with Dolby Atmos surround sound. Now powered by the latest NVIDIA Tegra X1+ processor, SHIELD TV is faster, and smarter. Level up to SHIELD TV Pro for more storage space, two USB 3.0 ports for expandability (storage expansion, USB cameras, USB keyboards and controllers, TV tuners, and more), Plex Media Server, SmartThings hub-ready (just add a SmartThings Link), AAA Android gaming, Twitch broadcasting, and 3GB RAM.",https://gear.nvidia.com/NVIDIA-SHIELD-TV-PRO-2019-bNAb-P522.aspx,199.99,https://gear.nvidia.com/GetImage.ashx?Path=%7e%2fAssets%2fProductImages%2fNV00-0425.jpg&maintainAspectRatio=true&width=800
NVIDIA Electronics,Jetson,JETSON NANO DEVELOPER KIT,"The power of modern AI is now available for makers, learners, and embedded developers everywhere.

NVIDIA® Jetson Nano Developer Kit is a small, powerful computer that lets you run multiple neural networks in parallel for applications like image classification, object detection, segmentation, and speech processing. All in an easy-to-use platform that runs in as little as 5 watts.

It’s simpler than ever to get started! Just insert a microSD card with the system image, boot the developer kit, and enjoy using the same NVIDIA JetPack SDK used across the NVIDIA Jetson™ family of products.

This version of Jetson Nano Developer Kit has two camera connectors.",https://gear.nvidia.com/Jetson-Nano-Developer-Kit--P540.aspx,149,https://gear.nvidia.com/GetImage.ashx?Path=%7e%2fAssets%2fProductImages%2fNV00-0443.jpg&maintainAspectRatio=true&width=800
NVIDIA Electronics,Jetson,NVIDIA JETSON ORIN NANO DEVELOPER KIT,"The NVIDIA® Jetson Orin™ Nano Developer Kit sets a new standard for creating entry-level AI-powered robots, smart drones, and intelligent cameras. Compact design, lots of connectors, and up to 40 TOPS of AI performance deliver everything you need to transform your visionary concepts into reality.

With up to 80X the performance of Jetson Nano, the developer kit can run all modern AI models, including those for transformer and advanced robotics. It features a Jetson Orin Nano 8GB module, a reference carrier board that can accommodate all Orin Nano and Orin NX modules, and the power to run the entire NVIDIA AI software stack. This gives you the ideal platform for prototyping your next-gen edge AI solution.

Get started with your AI journey!",https://gear.nvidia.com/NVIDIA-Jetson-Orin-Nano-Developer-Kit-USCA-P722.aspx,499.95,https://gear.nvidia.com/GetImage.ashx?Path=%7e%2fAssets%2fProductImages%2fNVIDIA-JetsonOrin-3QTR-Front-Left.jpg&maintainAspectRatio=true&width=800
Apparel,Mens,UNISEX TMYBTMYS CUDA TEE,"Product Details: 

4.2 oz., 100% airlume combed and ringspun cotton
Retail fit
Unisex sizing
Shoulder taping
Sideseamed
Tear away label
Pre-shrunk",https://gear.nvidia.com/Unisex-TMYBTMYS-CUDA-Tee-P765.aspx,22,https://gear.nvidia.com/GetImage.ashx?Path=%7e%2fAssets%2fProductImages%2fNV00-0632-0633-Group_Full.jpg&maintainAspectRatio=true&width=800
Apparel,Mens,MEN'S BEYOND YOGA CREW T-SHIRT - DARKEST NIGHT,"Beyond Yoga Featherweight Always Beyond Crew T-shirt is a classic top you can wear anytime, anywhere.  Darkest Night

Product Details:

Lightweight, ultrasoft
4-way stretch fabric
Crew neckline
Classic fit
94% Polyester 6% Elastane",https://gear.nvidia.com/Mens-Beyond-Yoga-Crew-T-Shirt-Darkest-Night-P759.aspx,66,https://gear.nvidia.com/GetImage.ashx?Path=%7e%2fAssets%2fProductImages%2fNV00-0621-DNT-Front_Full.jpg&maintainAspectRatio=true&width=800
Apparel,Mens,MEN'S BEYOND YOGA TAKE IT EASY SHORTS,"Beyond Yoga Take It Easy shorts are total comfort whether you're lounging on the couch or out and about for the day.  Available in Darkest Night or Olive Heather.  

Product Details:

Elasticized waistband, relaxed fit
Two side hand pockets
One zippered back pocket
87% Polyester 13% Elastane
4-way stretch
7"" inseam",https://gear.nvidia.com/Mens-Beyond-Yoga-Take-It-Easy-Shorts-P755.aspx,88,https://gear.nvidia.com/GetImage.ashx?Path=%7e%2fAssets%2fProductImages%2fNV00-0618-0619-Group_Full.jpg&maintainAspectRatio=true&width=800
Apparel,Mens,MEN'S BEYOND YOGA TAKE IT EASY PANT - DARKEST NIGHT,"Whether you are lounging at your home or out on the town on those casual weekends, the Beyond Yoga Take It Easy Pants are perfect.

Product Details:

Slim fit with slightly tapered legs
Elasticized waistband with internal drawcord closure
Two side hip pockets
One zippered back pocket
87% Polyester 13% Elastane",https://gear.nvidia.com/Mens-Beyond-Yoga-Take-It-Easy-Pant-Darkest-Night-P751.aspx,99,https://gear.nvidia.com/GetImage.ashx?Path=%7e%2fAssets%2fProductImages%2fNV00-0617-DNT.jpg&maintainAspectRatio=true&width=800
Apparel,Mens,MEN'S LOGO TEE,"4.2 oz., 100% airlume combed and ringspun cotton
Retail fit
Unisex sizing
Shoulder taping
Sideseamed
Tear away label
Pre-shrunk",https://gear.nvidia.com/Mens-Logo-Tee-P729.aspx,22,https://gear.nvidia.com/GetImage.ashx?Path=%7e%2fAssets%2fProductImages%2fNV00-0596-97--98-0607-Group_Full.jpg&maintainAspectRatio=true&width=800
Apparel,Mens,NEXT LEVEL ECO UNISEX TEE UNISEX,"5.6 oz./yd², 60/40 organic cotton/recycled poly RPET, 20 singles
Made of approximately 4 recycled RPET bottles per shirt
Melange color effect
1x1 baby rib-knit set-in collar
Unisex fit
Side seams
Tear away label",https://gear.nvidia.com/Next-Level-Eco-Unisex-Tee-Unisex-P715.aspx,22,https://gear.nvidia.com/GetImage.ashx?Path=%7e%2fAssets%2fProductImages%2fNV00-0582-83-84_Group_Full.jpg&maintainAspectRatio=true&width=800
Apparel,Mens,NVIDIA DUO-TONE LOGO UNISEX TEE,"4.2 oz., 100% airlume combed and ringspun cotton
Retail fit
Unisex sizing
Shoulder taping
Sideseamed
Tear away label
Pre-shrunk",https://gear.nvidia.com/NVIDIA-Duo-Tone-Logo-Unisex-Tee-P738.aspx,18,https://gear.nvidia.com/GetImage.ashx?Path=%7e%2fAssets%2fProductImages%2fNV00-0589-Group.jpg&maintainAspectRatio=true&width=800
Apparel,Mens,UNISEX INSPIRE 365 TEE,"4.2 oz., 100% airlume combed and ringspun cotton
Retail fit
Unisex sizing
Shoulder taping
Sideseamed
Tear away label
Pre-shrunk",https://gear.nvidia.com/Unisex-Inspire-365-Tee-P737.aspx,18,https://gear.nvidia.com/GetImage.ashx?Path=%7e%2fAssets%2fProductImages%2fNV00-0610-EVG-Group.jpg&maintainAspectRatio=true&width=800
Apparel,Mens,NORTH FACE MEN'S TREKKER JACKET,"Designed with baffles contoured to fit your body, this streamlined jacket offers lightweight, highly compressible synthetic insulation.
The Trekker jacket will keep you warmer regardless of the conditions.

Product Details: 

15D 33 g/m2 100% nylon with durable water-repellent (DWR) finish
Partially constructed from recycled fabrications
Interior left chest zippered pocket
Interior elastic cuffs
Secure-zip hand pockets
Stows in left hand pocket
Hem cinch-cord",https://gear.nvidia.com/North-Face-Mens-Trekker-Jacket-P650.aspx,229,https://gear.nvidia.com/GetImage.ashx?Path=%7e%2fAssets%2fProductImages%2fNV00-0514-Group_Full.jpg&maintainAspectRatio=true&width=800
Apparel,Mens,MARINE LAYER CORBET FULL ZIP MEN'S,"We took the (dare we say) famous Corbet fabric and put it in a full zip jacket silhouette!

Product Details:

Black
68% Polyester, 16% Cotton, 16% Rayon
Signature Corbet Quilted Fabric
Standard fit
Wash cold, dry low
Made responsibly in China",https://gear.nvidia.com/Marine-Layer-Corbet-Full-Zip-Mens-P689.aspx,139,https://gear.nvidia.com/GetImage.ashx?Path=%7e%2fAssets%2fProductImages%2fNV00-0558-BLK_Full.jpg&maintainAspectRatio=true&width=800
Apparel,Mens,MARINE LAYER CORBET FULL ZIP VEST MEN'S,"We took the (dare we say) famous Corbet fabric and put it in a full zip vest silhouette!

68% Polyester, 16% Cotton, 16% Rayon
Signature Corbet Quilted Fabric
Standard fit
Wash cold, dry low
Made responsibly in China",https://gear.nvidia.com/Marine-Layer-Corbet-Full-Zip-Vest-Mens-P687.aspx,119,https://gear.nvidia.com/GetImage.ashx?Path=%7e%2fAssets%2fProductImages%2fNV00-0560-BLK_Full.jpg&maintainAspectRatio=true&width=800
Apparel,Mens,CHAMPION REVERSE WEAVE CREWNECK UNISEX,"12-ounce, 82/18 cotton/poly fleece
Reverse weave cross-grain cut resists shrinkage
1x1 rib knit neck, side panels, sleeve cuffs and hem
Embroidered Champion “C” logo at left cuff
Woven back neck label
Loose fit, runs large",https://gear.nvidia.com/Champion-Reverse-Weave-Crewneck-Unisex-P707.aspx,55,https://gear.nvidia.com/GetImage.ashx?Path=%7e%2fAssets%2fProductImages%2fNV00-0575-Group_Full.jpg&maintainAspectRatio=true&width=800
Apparel,Mens,FLUX BONDED JACKET 2.0 MEN'S LIGHT HEATHER,"Take performance to the next level with this 2.0 Fleece Jacket. The modern fit and sleek look make this the ideal jacket for all. 

Product Details:

100% polyester microfleece
Coverstitch details throughout
Center front coil zipper with contrast teeth, semi-autolock slider and rubber pull
Active fit
Easy care",https://gear.nvidia.com/Flux-Bonded-Jacket-20-Mens-Light-Heather-P633.aspx,65,https://gear.nvidia.com/GetImage.ashx?Path=%7e%2fAssets%2fProductImages%2fNV00-0505-LGH_Full.jpg&maintainAspectRatio=true&width=800
Apparel,Mens,FULL ZIP NEURAL HOODIE UNISEX,"Stay comfortable and warm in this stylish hoodie. 

Product Details:

50/50 cotton/poly fleece 
NVIDIA pattern hood liner",https://gear.nvidia.com/Full-Zip-Neural-Hoodie-Unisex-P528.aspx,55,https://gear.nvidia.com/GetImage.ashx?Path=%7e%2fAssets%2fProductImages%2fNV00-0423-HTG_Full.jpg&maintainAspectRatio=true&width=800
Apparel,Mens,LONG SLEEVE PERFORMANCE SHIRT MEN'S,"This crew neck is the perfect shirt whether you are exercising or just lounging around. 

Product Details:

Stretchy and comfortable 90% polyester 10% spandex fabric
Decorative and functional reflective patterns on front & back
Moisture wicking, UPF 30",https://gear.nvidia.com/Long-Sleeve-Performance-Shirt-Mens-P371.aspx,35,https://gear.nvidia.com/GetImage.ashx?Path=%7e%2fAssets%2fProductImages%2fNV00-0218-BLK_Full_1.jpg&maintainAspectRatio=true&width=800
Apparel,Mens,NIKE 2.0 POLO MEN'S,"100% polyester Dri-FIT fabric
Flat knit collar and three-button placket
Rolled-forward shoulder seams
Open hem sleeves and open hem
Contrast Swoosh logo is embroidered on the left sleeve",https://gear.nvidia.com/Nike-20-Polo-Mens-P645.aspx,40,https://gear.nvidia.com/GetImage.ashx?Path=%7e%2fAssets%2fProductImages%2fNV00-0523-Group_Full.jpg&maintainAspectRatio=true&width=800
Apparel,Mens,COTTON TOUCH POLO MEN'S,"This polyester polo performs with the comfortable feel of cotton. Just right for the workday or after hours, this sophisticated style has subtle texture, manages moisture, keeps you fresher with odor-controlling technology and feels great against your skin. 

Product Details:

Made from 5.8 oz. 95/5 poly/spandex jersey
Self-fabric collar
Tag-free label
3-button placket",https://gear.nvidia.com/Cotton-Touch-Polo-Mens-P340.aspx,25,https://gear.nvidia.com/GetImage.ashx?Path=%7e%2fAssets%2fProductImages%2fNV00-0228-BLK_Full.jpg&maintainAspectRatio=true&width=800
Apparel,Mens,AUTONOMOUS TIME TRAVELER TEE UNISEX,"Retail fit
90% cotton/10% poly
Machine wash
Imported",https://gear.nvidia.com/Autonomous-Time-Traveler-Tee-Unisex-P664.aspx,22,https://gear.nvidia.com/GetImage.ashx?Path=%7e%2fAssets%2fProductImages%2fNV00-0542-BLK_Full.jpg&maintainAspectRatio=true&width=800
Apparel,Mens,GEFORCE LOGO HIGH DENSITY TEE UNISEX,"Heather Black & Athletic Heather: 90% airlume combed and ring-spun cotton, 10% polyester
Stone: 52% airlume combed and ringspun cotton, 48% polyester
Retail fit
Tear-away label
Side seamed
Shoulder taping",https://gear.nvidia.com/GeForce-Logo-High-Density-Tee-Unisex-P682.aspx,18,https://gear.nvidia.com/GetImage.ashx?Path=%7e%2fAssets%2fProductImages%2fNV00-0551-Group_Full.jpg&maintainAspectRatio=true&width=800
Apparel,Mens,GEFORCE TRIANGULATION TEE UNISEX,"90/10 airlume combed and ring spun cotton/polyester
Retail fit
Tear-away label
Side seamed
Shoulder taping",https://gear.nvidia.com/GeForce-Triangulation-Tee-Unisex-P694.aspx,16,https://gear.nvidia.com/GetImage.ashx?Path=%7e%2fAssets%2fProductImages%2fNV00-0552-BKH_Full.jpg&maintainAspectRatio=true&width=800
Apparel,Mens,GEFORCE ABSTRACTION TEE UNISEX,"Retail fit
90% cotton/10% poly
Machine wash
Imported",https://gear.nvidia.com/GEFORCE-Abstraction-Tee-Unisex--P598.aspx,16,https://gear.nvidia.com/GetImage.ashx?Path=%7e%2fAssets%2fProductImages%2fNV00-0480-BKH_Full.jpg&maintainAspectRatio=true&width=800
Apparel,Mens,WIREFRAME EYE GRAPHIC TEE UNISEX,"100% airlume combed and ring spun cotton
Retail fit
Tear-away label
Side seamed
Shoulder taping",https://gear.nvidia.com/Wireframe-Eye-Graphic-Tee-Unisex-P640.aspx,16,https://gear.nvidia.com/GetImage.ashx?Path=%7e%2fAssets%2fProductImages%2fNV00-0517-BLK_Full.jpg&maintainAspectRatio=true&width=800
Apparel,Mens,HEROES OF NVIDIA 3.0 UNISEX TEE,"Represent the bright minds known as the Heroes of NVIDIA with this tee. 

Product Details:

100% cotton jersey
Fine rib trim at neck
Straight fit, hits at the hip
Machine wash
Imported",https://gear.nvidia.com/Heroes-of-NVIDIA-30-Unisex-Tee-P601.aspx,20,https://gear.nvidia.com/GetImage.ashx?Path=%7e%2fAssets%2fProductImages%2fNV00-0465-ASP_Full.jpg&maintainAspectRatio=true&width=800
Apparel,Mens,I AM AI TEE MEN'S,"Express your love for AI with this signature style, premium fitted, short sleeve, super soft crew tee. 

Product Details:

100% cotton jersey
Fine rib trim at neck
Straight fit, hits at the hip
Machine wash
Imported",https://gear.nvidia.com/I-Am-AI-Tee-Mens--P360.aspx,16,https://gear.nvidia.com/GetImage.ashx?Path=%7e%2fAssets%2fProductImages%2fNV00-0240_GROUP_new.jpg&maintainAspectRatio=true&width=800
Apparel,Mens,MEN'S LULULEMON ABC JOGGER,"Everyday performance featuring shape retention, quick-drying, four-way stretch, breathable and wrinkle-resistant. 

Product Details:

Intended to sit just above ankle for 30"" inseam
Designed to sit 2-3 inches below your natural waist, it is recommend to measure your waist and adding an inch
Streamlined fit that gives glutes and thighs breathing room, then tapers to hem
Feels smooth, falls softly away from body
Wear the drawcord out or hide it inside for a flat waistband
Hidden media and coin pockets
Secure back pocket",https://gear.nvidia.com/Mens-Lululemon-ABC-Jogger-P638.aspx,115,https://gear.nvidia.com/GetImage.ashx?Path=%7e%2fAssets%2fProductImages%2fNV00-0509-BLK-1_Full.jpg&maintainAspectRatio=true&width=800
Apparel,Mens,NVIDIA TWILL HAT - SAGE,"Low profile six panel unstructured cap
Standard pre-curved visor
Washed chino twill
Fabric strap with antique brass sliding buckle",https://gear.nvidia.com/NVIDIA-Twill-Hat-Sage-P708.aspx,18.5,https://gear.nvidia.com/GetImage.ashx?Path=%7e%2fAssets%2fProductImages%2fNV00-0548-SAG-Front_Full.jpg&maintainAspectRatio=true&width=800
Apparel,Mens,"12"" MARLED KNIT CUFF BEANIE","12"" Marled Beanie with Cuff or Slouch, Regular Gauge Knit (100% Acrylic), Stretch to Fit",https://gear.nvidia.com/12-Marled-Knit-Cuff-Beanie-P639.aspx,10,https://gear.nvidia.com/GetImage.ashx?Path=%7e%2fAssets%2fProductImages%2fNV000-0516-BGY_full.jpg&maintainAspectRatio=true&width=800
Apparel,Mens,NVIDIA GREEN LABEL BEANIE,"Premium tri-blend (rayong/polyester/nylon) knit cap with cuff
Ultra-soft ribbing throughout",https://gear.nvidia.com/NVIDIA-Green-Label-Beanie-P702.aspx,25,https://gear.nvidia.com/GetImage.ashx?Path=%7e%2fAssets%2fProductImages%2fNV00-0554-DGH_Full.jpg&maintainAspectRatio=true&width=800
Apparel,Mens,NVIDIA GEFORCE HAT,"Light weight brushed cotton twill
Polysnap closure
Adjustable
Structured",https://gear.nvidia.com/NVIDIA-GEFORCE-Hat-P652.aspx,9.5,https://gear.nvidia.com/GetImage.ashx?Path=%7e%2fAssets%2fProductImages%2fNV00-0533-BLK-Front_Full.jpg&maintainAspectRatio=true&width=800
Apparel,Mens,NVIDIA CORDUROY HAT,"100% cotton corduroy
6-panel
Unstructured
Low-profile",https://gear.nvidia.com/NVIDIA-Corduroy-Hat-P673.aspx,18,https://gear.nvidia.com/GetImage.ashx?Path=%7e%2fAssets%2fProductImages%2fNV00-0547-Group_Full.jpg&maintainAspectRatio=true&width=800
Apparel,Mens,ANKLE SOCK UNISEX,"80% cotton/15% nylon/5% spandex
Sizing: Men's 9 - 11",https://gear.nvidia.com/Ankle-Sock-Unisex-P531.aspx,12,https://gear.nvidia.com/GetImage.ashx?Path=%7e%2fAssets%2fProductImages%2fNV00-0420-BLK_Thumb.jpg&maintainAspectRatio=true&width=800
Apparel,Mens,NVIDIA ATHLETIC CREW SOCKS,"Cotton athletic socks with compression knitting and cushion, ribbed upper.  Black socks with NVIDIA logo vertically on both sides.  

75% Cotton/21% Nylon/4% Lycra
One size fits most (Womens shoe size 6-11 / Mens show size 7-12)",https://gear.nvidia.com/NVIDIA-Athletic-Crew-Socks-P771.aspx,16,https://gear.nvidia.com/GetImage.ashx?Path=%7e%2fAssets%2fProductImages%2fNV00-0578-0645-Group_Full.jpg&maintainAspectRatio=true&width=800
Apparel,Mens,NVIDIA LIGHTWEIGHT HOODIE,"78 oz., 52% Airlume combed and ring spun cotton, 48% polyester fleece
White cord drawstring
Retail fit
Kangaroo pockets
Ribbed cuffs and waistband",https://gear.nvidia.com/NVIDIA-Lightweight-Hoodie-P775.aspx,40,https://gear.nvidia.com/GetImage.ashx?Path=%7e%2fAssets%2fProductImages%2fNV00-0630-0631-Group_Full.jpg&maintainAspectRatio=true&width=800
Apparel,Kids,YOUTH LOGO TEE,"4.2 oz., 100% airlume combed, ringspun cotton
Retail fit
Unisex youth sizing
Sideseamed
Tear away label
Pre-shrunk",https://gear.nvidia.com/Youth-Logo-Tee-P727.aspx,22,https://gear.nvidia.com/GetImage.ashx?Path=%7e%2fAssets%2fProductImages%2fNV00-0603-5-Group_Full.jpg&maintainAspectRatio=true&width=800
Lifestyle,Lifestyle,PORTABLE FOLDING CHAIR,"Outdoor portable folding chair is great for amphitheaters, beaches, and concerts.  Strong and durable construction with cradle-style seat.

Product Details:

Steel frame
Includes mesh gear pouch
Capacity:  300 lbs
Chair Dimensions:  26.5""h x 26""w x 18""d
Seat is 12.5"" off the ground",https://gear.nvidia.com/Portable-Folding-Chair-P745.aspx,60,https://gear.nvidia.com/GetImage.ashx?Path=%7e%2fAssets%2fProductImages%2fNV00-0613-BLK-Back_Full.jpg&maintainAspectRatio=true&width=800
Lifestyle,Lifestyle,TITLEIST® PRO V1® HALF DOZEN GOLF BALLS,"Go for the green! The top selling golf ball in the industry combines soft, fast core; spin control ionomer casing; and a soft, thin urethane elastomer cover with 392 dimples in staggered wave parting line; AIM sidestamp. Assembled in USA. Three balls per sleeve; two sleeves per box.",https://gear.nvidia.com/Titleist-Pro-V1-Half-Dozen-Golf-Balls-P306.aspx,45,https://gear.nvidia.com/GetImage.ashx?Path=%7e%2fAssets%2fProductImages%2fNV00-0177-WHT.jpg&maintainAspectRatio=true&width=800
Lifestyle,Lifestyle,LAPEL PIN,"Stylish and sleek custom NVIDIA lapel pin.

Product Details:

Actual size approx. 3/4"" wide
Includes military clutch attachment",https://gear.nvidia.com/Lapel-Pin-P353.aspx,2,https://gear.nvidia.com/GetImage.ashx?Path=%7e%2fAssets%2fProductImages%2fNV00-0227-BLK_Full.jpg&maintainAspectRatio=true&width=800
Lifestyle,Lifestyle,GEFORCE 40-SERIES ALUMINUM COASTER,"A custom-engraved drink coaster made from a solid piece of aluminum with a cork backing.  Durable and long-lasting.  Laser engraved design.

Product Details: 

Material: Black Aluminum",https://gear.nvidia.com/GeForce-40-series-Aluminum-Coaster-P699.aspx,15,https://gear.nvidia.com/GetImage.ashx?Path=%7e%2fAssets%2fProductImages%2fScreenshot_2023-05-30_094056.jpg&maintainAspectRatio=true&width=800
Lifestyle,Lifestyle,S'WELL 16OZ PET BOWL,"This 16 oz S’well Dog Bowl is perfect for keeping food-loving, water-gulping four-legged friends fed and hydrated in style!  Engraved logo. 

S'well's timeless designs and durable, double-walled construction making it ideal for food and water.
Non-slip bottom and wide stance for improved stability.
BPA/BPS-free and reusable.
Dishwasher safe.
Approx. 5.35""D x 2.40""H x 5.35""W",https://gear.nvidia.com/Swell-16oz-Pet-Bowl-P724.aspx,35,https://gear.nvidia.com/GetImage.ashx?Path=%7e%2fAssets%2fProductImages%2fNV00-0595-BLK_Full.jpg&maintainAspectRatio=true&width=800
Lifestyle,Lifestyle,NVIDIA ICONOGRAPHY BANDANA,"2-ply folded triangular bandana
31.0"" W x 18.5"" H
100% spun polyester",https://gear.nvidia.com/NVIDIA-Iconography-Bandana-P698.aspx,11,https://gear.nvidia.com/GetImage.ashx?Path=%7e%2fAssets%2fProductImages%2fNV00-0561-WHT_Full.jpg&maintainAspectRatio=true&width=800
Lifestyle,Lifestyle,CLUBMAN SUNGLASSES,"Vintage design sunglasses fully customized for NVIDIA
Custom pouch
Metallic lenses
UV400 
Glossy finish",https://gear.nvidia.com/Clubman-Sunglasses-P605.aspx,12,https://gear.nvidia.com/GetImage.ashx?Path=%7e%2fAssets%2fProductImages%2fNV00-0488-BLK-2_Full.jpg&maintainAspectRatio=true&width=800
Lifestyle,Lifestyle,NVIDIA NIMBLE CHAMP PRO CHARGER,"Keep your devices fully charged while on the go with the Eco-Friendly CHAMP Pro 60W USB-C Portable Charger. Made with REPLAY 72.5% post-consumer plastic, this portable battery is both eco-friendly and supports most USB devices including laptops, smartphones, tablets and cameras. The included USB-C cable is both BPA and PVC-free and made with recyclable materials. Charge up to 2 devices at once. And, it holds up to 8 full phone charges or 3 full tablet charges.

Product Details:

Extra compact
20,000 mAh battery
60W Max Output
Works with MacBook, iPhone, iPad, Android devices and more
Up to 80% charge in 30 minutes
Charges two devices simultaneously",https://gear.nvidia.com/NVIDIA-Nimble-Champ-Pro-Charger-P709.aspx,124,https://gear.nvidia.com/GetImage.ashx?Path=%7e%2fAssets%2fProductImages%2fNV00-0577-GRY_Full.jpg&maintainAspectRatio=true&width=800
Lifestyle,Lifestyle,NVIDIA LICENSE PLATE FRAME,"Sleek and stylish NVIDIA license plate cover. 

Product Details: 

Choose from Matte black or Chrome coated zinc frame
Includes matching screw covers and packaged for protection",https://gear.nvidia.com/NVIDIA-License-Plate-Frame-P770.aspx,30,https://gear.nvidia.com/GetImage.ashx?Path=%7e%2fAssets%2fProductImages%2fNV00-0541-0643-Group_Full.jpg&maintainAspectRatio=true&width=800
Drinkware,Drinkware,40 OZ. STANLEY QUENCHER TUMBLER,"18/8 Recycled stainless steel; naturally BPA-free
Double-wall vacuum insulation
FlowState™ 3-position lid with rotating cover for versatility: no splash straw quencher, open drink spout, or fully covered & close
Silicone sealed cover reduces spills
Reusable straw included
Lid disassembles for deep cleaning
Hand Wash Only
Built for Life™ lifetime warranty
7 HRS HOT / 11 HRS COLD / 2 DAYS ICED",https://gear.nvidia.com/40-oz-Stanley-Quencher-Tumbler--P743.aspx,50,https://gear.nvidia.com/GetImage.ashx?Path=%7e%2fAssets%2fProductImages%2fNV00-0615-CRM_Full.jpg&maintainAspectRatio=true&width=800
Drinkware,Drinkware,20 OZ. ELEMENTAL WATER BOTTLE,"Featuring unique stainless steel lid with bamboo and convenient partially removable strap, this water bottle is the last water bottle you'll need. Attach it to your purse or bag to make transportation a breeze. The internal strainer is perfect for loose leaf tea, fruit, or drinks that need shaking.

Product Details: 

2.75"" D x 9.7"" H
Complies with Food Grade
Keeps your beverages cold for up to 24 hours or hot for up to 12 hours 
Prevents condensation",https://gear.nvidia.com/20-oz-Elemental-Water-Bottle-P657.aspx,30,https://gear.nvidia.com/GetImage.ashx?Path=%7e%2fAssets%2fProductImages%2fNV00-0534-WHT_Full.jpg&maintainAspectRatio=true&width=800
Drinkware,Drinkware,25 OZ. NVIDIA ICONOGRAPHY BOTTLE,"The CamelBak® eddy®+ water bottle is made from Eastman Tritan™ RENEW, a durable and sustainable material containing 50% recycled plastic. The bottle is shatter, stain and odor-resistant, and its wide mouth makes it easy to fill or clean. Enjoy spill-proof sipping at work or on the trail thanks to the screw-on lid with bite valve and one-finger carry handle. BPA-free

Product Details: 

Dimensions: 10.0"" H x 3.0""W x 3.0"" D
Single-wall construction
Handwash only
Straw Top
25 oz.",https://gear.nvidia.com/25-oz-NVIDIA-Iconography-Bottle-P655.aspx,24,https://gear.nvidia.com/GetImage.ashx?Path=%7e%2fAssets%2fProductImages%2fNV00-0544-CLR-2.jpg&maintainAspectRatio=true&width=800
Drinkware,Drinkware,32 OZ. NVIDIA ICONOGRAPHY BOTTLE,"The CamelBak Mag bottle is made from Eastman Tritan RENEW, a durable and sustainable material containing 50% recycled plastic. The bottle is shatter-, stain- and odor-resistant, and it's wide mouth makes it easy to fill or clean. The two-finger magnetic carry handle keeps the cap stowed while drinking, and the angled spout provides a high flow of water without sloshing or spilling. BPA-free.

Product Details: 

Dimensions: 9.50"" H x 3.70""W x 3.70"" D
Single-wall construction
Handwash only
Spill-proof with included lid
32 oz.",https://gear.nvidia.com/32-oz-NVIDIA-Iconography-Bottle-P653.aspx,28,https://gear.nvidia.com/GetImage.ashx?Path=%7e%2fAssets%2fProductImages%2fNV00-0527-CHR_Full.jpg&maintainAspectRatio=true&width=800
Drinkware,Drinkware,14 OZ. VISUAL PURR-CEPTION MUG,"Everyone loves cats. Keep an eye on those felines with this 14 oz. deep learning mug inspired by NVIDIA Engineer Robert Bond.

Product Details: 

3-5/8"" H x 3-5/8 (5 w/handle)""
Hand wash recommended
Microwave safe
Cannot be shipped to APAC",https://gear.nvidia.com/14-oz-Visual-Purr-Ception-Mug-P614.aspx,12,https://gear.nvidia.com/GetImage.ashx?Path=%7e%2fAssets%2fProductImages%2fNV00-0489-LIM_Full.jpg&maintainAspectRatio=true&width=800
Drinkware,Drinkware,14 OZ. A NEW BREED OF INNOVATION MUG,"14 oz. ceramic mug features a barrel design, large handle, matte exterior finish and gloss colored interior.

Product Details: 

3-5/8"" H x 3-5/8 (5 w/handle)""
Hand wash recommended
Microwave safe",https://gear.nvidia.com/14-oz-A-New-Breed-of-Innovation-Mug-P567.aspx,9.5,https://gear.nvidia.com/GetImage.ashx?Path=%7e%2fAssets%2fProductImages%2fNV00-0467-LIM_Full.jpg&maintainAspectRatio=true&width=800
Drinkware,Drinkware,14 OZ. I AM AI MUG,"14 oz. ceramic mug features a barrel design, large handle, matte exterior finish and gloss colored interior.

Product Details: 

3-5/8"" H x 3-5/8 (5 w/handle)""
Hand wash recommended 
Microwave safe",https://gear.nvidia.com/14-oz-I-Am-Ai-Mug-P486.aspx,9.5,https://gear.nvidia.com/GetImage.ashx?Path=%7e%2fAssets%2fProductImages%2fNV00-0395-LIM_Full.jpg&maintainAspectRatio=true&width=800
Drinkware,Drinkware,14 OZ. NVIDIA LOGO MUG,"14 oz. ceramic mug features a barrel design, large handle, matte exterior finish and gloss colored interior.

Product Details: 

3-5/8"" H x 3-5/8 (5 w/handle)""
Hand wash recommended 
Microwave safe",https://gear.nvidia.com/14-oz-NVIDIA-Logo-Mug-P228.aspx,7.5,https://gear.nvidia.com/GetImage.ashx?Path=%7e%2fAssets%2fNV00-0165-LIM_2.jpg&maintainAspectRatio=true&width=800
Office,Office,TIMBUK2 LAPTOP SLEEVE - 2 SIZES,"A protective case with contemporary styling, this accessory begs to be carried in your hand, but will agree to sit inside a bag, for a moment. Sized to fit a laptop, cords, phone, it carries and protects everything you really need.  Easily stows inside a bag or can be used independently with the wrist strap. Eco Black

Product Details:

Lots of stretchy pockets and internal webbing to maximize organization
Extra padding inside to protect all your contents
100% recycled nylon from pre-consumer material
 

Available in 2 Sizes:

Fits up to most 13"" laptops:  14.2"" W x 10.6"" H x .984"" D (L)

Fits up to most 16"" laptops:  15.2"" W x 11.6"" H x .984"" D (XL)",https://gear.nvidia.com/Timbuk2-Laptop-Sleeve-2-Sizes-P713.aspx,55,https://gear.nvidia.com/GetImage.ashx?Path=%7e%2fAssets%2fProductImages%2fNV00-0579-EBK-Front_Full.jpg&maintainAspectRatio=true&width=800
Office,Office,NVIDIA SMALL INFINITY MOUSEPAD,"Dimensions: 10""x8""
Anti-slip base keeps the mousepad from sliding around
Smooth surface for maximized speed, accuracy, and control
Crafted so edges remain flat
For use on any flat, hard surface",https://gear.nvidia.com/NVIDIA-Small-Infinity-Mousepad-P750.aspx,10,https://gear.nvidia.com/GetImage.ashx?Path=%7e%2fAssets%2fProductImages%2fNV00-0622-BLK-WithMouse_Full.jpg&maintainAspectRatio=true&width=800
Office,Office,NVIDIA FLOW LARGE MOUSEPAD,"Dimensions: 27.20"" x 11.75""
2.22 sq. ft. of full-color space
Anti-slip base keeps the mousepad from sliding around
Smooth surface for maximized speed, accuracy, and control
Crafted so edges remain flat
For use on any flat, hard surface",https://gear.nvidia.com/NVIDIA-Flow-Large-Mousepad-P667.aspx,20,https://gear.nvidia.com/GetImage.ashx?Path=%7e%2fAssets%2fProductImages%2fNV00-0543-BLK-1_Full.jpg&maintainAspectRatio=true&width=800
Office,Office,NVIDIA ICONOGRAPHY KRAFT POCKET JOURNAL -3 PACK,"Classic saddle-stitch notebook
Softcover with kraft paper
Round corners
48 pages (24 sheets)
70# (100gsm) paper",https://gear.nvidia.com/NVIDIA-Iconography-Kraft-Pocket-Journal-3-Pack-P654.aspx,16,https://gear.nvidia.com/GetImage.ashx?Path=%7e%2fAssets%2fProductImages%2fNV00-0530-MUL.jpg&maintainAspectRatio=true&width=800
Office,Office,RULER 2.0,"The new Ruler 2.0 highlights the Geforce RTX.

 Features include:

35cm/12in ruler (1mm edge to first marker)
Image from Geforce RTX 2080Ti PCB
RLCs (Resistors, Inductors and Capacitors), Mosfets and Crystals
Gold color is ENIG (Electroless Nickel Immersion Gold)
Endeavor symbol
Simulated break-off tab of a PCB
Holes to facilitate hanging
Unique Serial Numbers",https://gear.nvidia.com/Ruler-20-P487.aspx,13.5,https://gear.nvidia.com/GetImage.ashx?Path=%7e%2fAssets%2fProductImages%2fNV00-0390-2_Full.jpg&maintainAspectRatio=true&width=800
Office,Office,RULER,"Made from standard FR4 dielectric with an ENIG plating finish, this ruler is designed to be an engineer's best friend

Some features include:

RLCs (Resistors, Inductors and Capacitors), Mosfets and Crystals
Formula quick guide
Footprints for some advanced packages, including memories and some ICs

All bulk orders must be charged through a cost center and submitted via a Purchase Requisition (PR) through Coupa or NVIDIA IBR. ",https://gear.nvidia.com/Ruler-P309.aspx,4,https://gear.nvidia.com/GetImage.ashx?Path=%7e%2fAssets%2fProductImages%2fNVC0-0101-BLK.jpg&maintainAspectRatio=true&width=800
Office,Office,TROIKA CONSTRUCTION PEN,"Multifunction black gold brass ballpoint pen.

Product Details:

4 different metric ratios (1:20, 1:50, 1:100, 1:1 inch)
Phillips and slotted screwdriver
Stylus",https://gear.nvidia.com/Troika-Construction-Pen-P630.aspx,25,https://gear.nvidia.com/GetImage.ashx?Path=%7e%2fAssets%2fProductImages%2fNV00-0502-BLK_Full.jpg&maintainAspectRatio=true&width=800
Office,Office,PRODIR® PATTERN PEN,"A fascinating triangular structure characterizes the casing surface of this pen. The pattern is introduced in the injection moulding into the surface of the casing and is an authentic part of the writing instrument. The smooth, minimalistic clip is located above the casing and, in combination with the three-dimensional surface, strongly draws attention to the logo.",https://gear.nvidia.com/Prodir-Pattern-Pen-P295.aspx,4.5,https://gear.nvidia.com/GetImage.ashx?Path=%7e%2fAssets%2fNV00-0161-BLK.jpg&maintainAspectRatio=true&width=800
Office,Office,INTENSITY CLIC GEL PEN,With an automatic clip-retracting mechanism and an ultra-smooth gel roller the BIC® Intensity® Clic™ Gel is a modern take on the retractable pen.,https://gear.nvidia.com/Intensity-Clic-Gel-Pen--P409.aspx,2.5,https://gear.nvidia.com/GetImage.ashx?Path=%7e%2fAssets%2fProductImages%2fNV00-0278-BLK_Full.jpg&maintainAspectRatio=true&width=800
Office,Office,COMPUTER CARE KIT,"Whether you want to show off some cool laptop stickers, clean your electronics in style or cover your webcam, this is the kit for you!

This Computer Care Kit contains:

Razor Webcam Cover
Screen cleaner 
5-piece sticker set (Features 2 new sheet designs and 3 NVIDIA stickers)
Size: 7"" x 9""",https://gear.nvidia.com/Computer-Care-Kit-P423.aspx,12,https://gear.nvidia.com/GetImage.ashx?Path=%7e%2fAssets%2fProductImages%2fNV00-KIT1_Full.jpg&maintainAspectRatio=true&width=800
Bags,Bags,TIMBUK2 VAPOR BACKPACK TOTE - GRAPHITE,"New Color - Graphite
Timbuk2 Vapor Backpack Tote. 
 
Product Details:
Constructed with 100% recycled nylon and polyester made from pre- and post-consumer materials waste.
Padded laptop sleeve fits most 15"" laptops
Tuck the tote straps when wearing as a backpack or tuck the shoulder straps when carrying as a tote
Napoleon pocket with key keeper",https://gear.nvidia.com/Timbuk2-Vapor-Backpack-Tote-Graphite-P779.aspx,129,https://gear.nvidia.com/GetImage.ashx?Path=%7e%2fAssets%2fProductImages%2fNV00-0550-GRP-Front_Full.jpg&maintainAspectRatio=true&width=800
Bags,Bags,NVIDIA HEX SLING BAG - GRAY,"Product Details: 

Dimensions: (H x W x D): 5.5"" x 10"" x 2.5""
Recycled ECco Cordura exterior fabric
Anti-microbial technology to repel bacteria, mold and fungus
Durable water-resistant shell
Front zippered pocket
Back panel zippered pocket
Interior mesh pocket
Padded back panel
Side compression straps
Woven cord zipper pulls",https://gear.nvidia.com/NVIDIA-Hex-Sling-Bag-Gray-P740.aspx,55,https://gear.nvidia.com/GetImage.ashx?Path=%7e%2fAssets%2fProductImages%2fNV00-0566-GRY-Front_Full.jpg&maintainAspectRatio=true&width=800
Bags,Bags,IGLOO COAST COOLER,"The Igloo Seadrift Cooler collection features MaxCold® insulation more foam to keep drinks and food cooler longer and a classic colorblock design.  

Features MaxCold® insulation with 25% more foam to keep drinks and food cooler longer
Dual zippered opening to large main compartment
Dual side pockets for water bottles and other belongings
Top hatch for easy, quick access to main compartment
Deep, gusseted front zippered pocket for additional storage
Comfortable, rubberized dual carry handles secure together effortlessly
Adjustable, removable shoulder strap with shoulder pad
PEVA heat-sealed lining
PVC and Phthalate free
36 can capacity",https://gear.nvidia.com/Igloo-Coast-Cooler-P710.aspx,95,https://gear.nvidia.com/GetImage.ashx?Path=%7e%2fAssets%2fProductImages%2fNV00-0580-WHG-Front_Full.jpg&maintainAspectRatio=true&width=800
Bags,Bags,OGIO CATALYST DUFFEL - BLACK,"Made for the gym or a weekend trip, this modern duffel has ample room to store and organize everything you need.  Easy to carry using the padded carrying handles or the detachable, adjustable shoulder strap.  

Product Details:

600D rhombus poly/600D poly
Large main compartment with U-shaped opening
Side compartment with large mesh window for ventilation
Front zippered pocket
Durable, water-resistant bottom
Dimensions: 10.5""h x 20""w x 10.5""d",https://gear.nvidia.com/Ogio-Catalyst-Duffel-Black-P714.aspx,50,https://gear.nvidia.com/GetImage.ashx?Path=%7e%2fAssets%2fProductImages%2fNV00-0581.jpg&maintainAspectRatio=true&width=800
Bags,Bags,TIMBUK2 LAPTOP SLEEVE - 2 SIZES,"A protective case with contemporary styling, this accessory begs to be carried in your hand, but will agree to sit inside a bag, for a moment. Sized to fit a laptop, cords, phone, it carries and protects everything you really need.  Easily stows inside a bag or can be used independently with the wrist strap. Eco Black

Product Details:

Lots of stretchy pockets and internal webbing to maximize organization
Extra padding inside to protect all your contents
100% recycled nylon from pre-consumer material
 

Available in 2 Sizes:

Fits up to most 13"" laptops:  14.2"" W x 10.6"" H x .984"" D (L)

Fits up to most 16"" laptops:  15.2"" W x 11.6"" H x .984"" D (XL)",https://gear.nvidia.com/Timbuk2-Laptop-Sleeve-2-Sizes-P713.aspx,55,https://gear.nvidia.com/GetImage.ashx?Path=%7e%2fAssets%2fProductImages%2fNV00-0579-EBK-Front_Full.jpg&maintainAspectRatio=true&width=800
Bags,Bags,TIMBUK2 PARKSIDE BACKPACK 2.0,"The Parkside is loaded with useful organization and well-suited for anyone, from campus to the boardroom. Multiple front pockets are great for storing a tablet and headphones, to charging cables, keys and a phone. Perfect for stowing away your lunch and a light jacket, the interior compartment is roomy and includes a slip pocket for a laptop. Designed to be a workhorse, pack it full with everything you need to get through your day.

Product Details: 

Front zippered organization zone with iPad slip pocket
Large main compartment fits books, lunch, and a light jacket
Elasticized external side pocket for water bottle or U-lock
Padded back panel and straps for maximum comfort
100% recycled nylon from pre-consumer materials
Fits 15"" laptop",https://gear.nvidia.com/Timbuk2-Parkside-Backpack-20-P684.aspx,99,https://gear.nvidia.com/GetImage.ashx?Path=%7e%2fAssets%2fProductImages%2fNV00-0549-EBK-Front_Full.jpg&maintainAspectRatio=true&width=800
Bags,Bags,VICTORINOX LAPTOP WOMEN'S TOTE,"16"" Women's Laptop Tote 
Padded 15.6"" laptop compartment and dedicated 10"" tablet pocket
Essentials organizer with anti-scratch lining
Feet protect the bottom of the bag
Interior zippered pocket
Removable adjustable shoulder strap
Rear pocket unzips to become a Pass-Thru trolley sleeve to slide over the handle of wheeled luggage for easy travel",https://gear.nvidia.com/Victorinox-Laptop-Womens-Tote--P663.aspx,140,https://gear.nvidia.com/GetImage.ashx?Path=%7e%2fAssets%2fProductImages%2fNV00-0539-BLK-Front_Full.jpg&maintainAspectRatio=true&width=800
Bags,Bags,TOPO ROVER TECH PACK,"An exterior front pocket and top flap pocket give quick access to smaller items
External padded laptop sleeve fits most 15"" laptops
Large internal sleeve can be used for notebooks, a laptop or other gear
Expandable side pockets hold your water bottle in place",https://gear.nvidia.com/Topo-Rover-Tech-Pack-P626.aspx,129,https://gear.nvidia.com/GetImage.ashx?Path=%7e%2fAssets%2fProductImages%2fNV00-0498-BLK-1_Full.jpg&maintainAspectRatio=true&width=800
Bags,Bags,TIMBUK2 COPILOT ROLLER LUGGAGE,"The Copilot is lightweight and easy to pack. Its sleek new styling works downtown or way way out of town and its bike-inspired handle system and broad-base skateboard wheels yield a smooth roll. Its clamshell structure makes it easy to pack and repack, while always providing the opportunity to quarantine things as needed. The Copilot features multiple reinforced grab straps for an easy heave-ho into overhead bins, and its expandable top stash pocket is designed for easy access in said bins. Light, organized, and subtly chic, the Copilot is ready to board.
 
 Product Details:
52 L 
Expandable top compartment for quarantining shoes and toiletries
Padded front zippered pocket fits up to 13"" MacBook or iPad
Internal mesh divider keeps items separate and organized",https://gear.nvidia.com/Timbuk2-Copilot-Roller-Luggage-P536.aspx,225,https://gear.nvidia.com/GetImage.ashx?Path=%7e%2fAssets%2fProductImages%2fNV00-0437-BLK_Full.jpg&maintainAspectRatio=true&width=800
Bags,Bags,TOTE BAG,"Cotton canvas tote bag.

Product Details:

15"" W x 16"" H",https://gear.nvidia.com/Tote-Bag-P545.aspx,9,https://gear.nvidia.com/GetImage.ashx?Path=%7e%2fAssets%2fProductImages%2fNV00-0439-BLK_Full.jpg&maintainAspectRatio=true&width=800
Bags,Bags,OGIO® STRATAGEM BACKPACK,"Materials: 600D Oxford polyester, 420D dobby polyester
Padded fleece-lined interior laptop compartment fits most 17"" laptops
Integrated foam panels keep your electronics and other valuables protected
Padded tablet/e-reader sleeve
Large main compartment for books, binders and files
Padded back panel with moisture-wicking air mesh
Dual side water bottle/accessory holders
Easy access front stash pocket",https://gear.nvidia.com/Ogio-Stratagem-Backpack-P229.aspx,100,https://gear.nvidia.com/GetImage.ashx?Path=%7e%2fAssets%2fNV00-0150.jpg&maintainAspectRatio=true&width=800
Bags,Bags,GIFT BAG,"Premium weight matte laminated medium gift bag with green handles and cardboard bottom insert. Green tissue paper included. 

Product Details:
Medium: 13x5x10
Large: 16x6x12",https://gear.nvidia.com/Gift-Bag--P380.aspx,2.1,https://gear.nvidia.com/GetImage.ashx?Path=%7e%2fAssets%2fProductImages%2fNV00-0244_GROUP_new.jpg&maintainAspectRatio=true&width=800
Apparel,Womens,WOMEN'S BEYOND YOGA REFOCUS TANK,"Beyond Yoga Spacedye Refocus tank is a flattering fit for all shapes.  Cropped active tank with built-in bra. The right length to pair over your high waisted leggings.  Reflective NVIDIA logo on right side hem. 

Product Details:

High scooped neckline 
Slim racerback design
87% polyester/13% elastane",https://gear.nvidia.com/Womens-Beyond-Yoga-Refocus-Tank-P773.aspx,70,https://gear.nvidia.com/GetImage.ashx?Path=%7e%2fAssets%2fProductImages%2fNV00-0641-WHT-Front_Full.jpg&maintainAspectRatio=true&width=800
Apparel,Womens,WOMEN'S BEYOND YOGA MOVEMENT SKIRT,"Beyond Yoga Spacedye lined Movement skirt has comfortable built-in shorts.  Made with the classic A-line flare and curved hem at bottom.  Super comfortable and flattering active skirt.  Reflective NVIDIA logo on hem.  

Product Details:

3"" waistband sits at natural waist
15 in. length
87% polyester/13% elastane",https://gear.nvidia.com/Womens-Beyond-Yoga-Movement-Skirt-P772.aspx,88,https://gear.nvidia.com/GetImage.ashx?Path=%7e%2fAssets%2fProductImages%2fNV00-0642-WHT-Front_Full.jpg&maintainAspectRatio=true&width=800
Apparel,Womens,WOMEN'S BEYOND YOGA IN-STRIDE PULLOVER - BLACK,"Ultra-light, breezy workout zip front pullover made of our new airy performance fabric. Featuring a front kangaroo pocket and elastic waist for the perfect fit. This woven active fabric features an ultra light feel, enabling the versatility for both being active or kicking back. Reflective NVIDIA logo on back of collar.  

Product Details:

Half zip front
Elasticated cuffs and hemband
Classic length
86% Recycled Polyester/14% Spandex",https://gear.nvidia.com/Womens-Beyond-Yoga-In-Stride-Pullover-Black-P769.aspx,128,https://gear.nvidia.com/GetImage.ashx?Path=%7e%2fAssets%2fProductImages%2fNV00-0640-BLK_Full.jpg&maintainAspectRatio=true&width=800
Apparel,Womens,WOMEN'S V-NECK TEE,"Bella + Canvas women's v-neck t-shirt with logo embroidered.

Product Details:

4.2 oz, 100& combed and ringspun cotton
Relaxed fit
Sideseamed
Pre-shrunk",https://gear.nvidia.com/Womens-V-Neck-Tee-P760.aspx,22,https://gear.nvidia.com/GetImage.ashx?Path=%7e%2fAssets%2fProductImages%2fNV00-0637-0638-Group_Full.jpg&maintainAspectRatio=true&width=800
Apparel,Womens,MARINE LAYER CORBET FULL ZIP VEST WOMEN'S,"We took the (dare we say) famous Corbet fabric and put it in a full zip vest silhouette!

Product Details:

68% Polyester, 16% Cotton, 16% Rayon
Signature Corbet Quilted Fabric
Standard fit
Wash cold, dry low
Made responsibly in China",https://gear.nvidia.com/Marine-Layer-Corbet-Full-Zip-Vest-Womens-P688.aspx,119,https://gear.nvidia.com/GetImage.ashx?Path=%7e%2fAssets%2fProductImages%2fNV00-0562-BLK_Full.jpg&maintainAspectRatio=true&width=800
Apparel,Womens,WOMEN'S BEYOND YOGA SPACEDYE RACERBACK CROPPED TANK,"This Beyond Yoga tank is made from performance fabric featuring UPF 50+ protection, built-in bra offering medium support, soft straps that never dig in, and racerback design to balance athleticism with effortlessness.  Reflective NVIDIA logo on back 

Color: Darkest Night
Skinny racerback with keyhole
Self shelf bra
Cropped length
Reflective NVIDIA logo on back",https://gear.nvidia.com/Womens-Beyond-Yoga-Spacedye-Racerback-Cropped-Tank-P736.aspx,60,https://gear.nvidia.com/GetImage.ashx?Path=%7e%2fAssets%2fProductImages%2fNV00-0567-DNT_Full.jpg&maintainAspectRatio=true&width=800
Apparel,Womens,WOMEN'S LOGO TEE,"Women's relaxed fit t-shirt.

Product details:

Relaxed fit
Tear-away label
Side seamed
4.2-ounce, 100% Airlume combed and ring spun cotton",https://gear.nvidia.com/Womens-Logo-Tee-P728.aspx,22,https://gear.nvidia.com/GetImage.ashx?Path=%7e%2fAssets%2fProductImages%2fNV00-0599-0602-Group_Full.jpg&maintainAspectRatio=true&width=800
Apparel,Womens,WOMEN'S FLEECE CROPPED CREW,"District women's perfect weight fleece.  Cropped with crewneck in premium 8.26-ounce weight. Heathered Loganberry with NVIDIA logo embroidered on front and woven patch along bottom hem.  

Product Details:

65/35 combed ring spun cotton/poly blend 
Drop shoulder
Twill back neck tape
2x1 rib knit neck, cuffs and hem",https://gear.nvidia.com/Womens-Fleece-Cropped-Crew-P721.aspx,35,https://gear.nvidia.com/GetImage.ashx?Path=%7e%2fAssets%2fProductImages%2fNV00-0590-LBY-Front_Full.jpg&maintainAspectRatio=true&width=800
Apparel,Womens,NORTH FACE WOMEN'S TREKKER JACKET,"Designed with baffles contoured to fit your body, this streamlined jacket offers lightweight, highly compressible synthetic insulation.  
The Trekker jacket will keep you warmer regardless of the conditions.
 
 Product Details:
15D 33 g/m2 100% nylon with durable water-repellent (DWR) finish
Partially constructed from recycled fabrications
Interior left chest zippered pocket
Interior elastic cuffs
Secure-zip hand pockets
Stows in left hand pocket
Hem cinch-cord",https://gear.nvidia.com/North-Face-Womens-Trekker-Jacket-P651.aspx,229,https://gear.nvidia.com/GetImage.ashx?Path=%7e%2fAssets%2fProductImages%2fNV00-0515-Group_Full.jpg&maintainAspectRatio=true&width=800
Apparel,Womens,FLUX BONDED JACKET WOMEN'S LIGHT HEATHER,"Take performance to the next level with this 2.0 Fleece Jacket. The modern fit and sleek look make this the ideal jacket for all. 

Product Details:

100% polyester microfleece
Coverstitch details throughout
Center front coil zipper with contrast teeth, semi-autolock slider and rubber pull
Lower pockets for flattering feminine fit
Lower pockets with invisible zippers
Active fit
Easy care",https://gear.nvidia.com/Flux-Bonded-Jacket-Womens-Light-Heather-P634.aspx,65,https://gear.nvidia.com/GetImage.ashx?Path=%7e%2fAssets%2fProductImages%2fNV00-0506-LGH_Full.jpg&maintainAspectRatio=true&width=800
Apparel,Womens,NIKE 2.0 POLO WOMEN'S,"100% polyester Dri-FIT fabric
Tailored for a feminine fit with a self-fabric collar
Open neckline and side vents
Rolled-forward shoulder seams
Open hem sleeves and open hem
Contrast Swoosh logo is embroidered on the left sleeve",https://gear.nvidia.com/Nike-20-Polo-Womens-P646.aspx,40,https://gear.nvidia.com/GetImage.ashx?Path=%7e%2fAssets%2fProductImages%2fNV00-0524-Group_Full.jpg&maintainAspectRatio=true&width=800
Apparel,Womens,COTTON TOUCH POLO WOMEN'S,"This polyester polo performs with the comfortable feel of cotton. Just right for the workday or after hours, this sophisticated style has subtle texture, manages moisture, keeps you fresher with odor-controlling technology and feels great against your skin. 

Product Details:

Made from 5.8 oz. 95/5 poly/spandex jersey
Self-fabric collar
Tag-free label
Y-neck placket",https://gear.nvidia.com/Cotton-Touch-Polo-Womens-P341.aspx,25,https://gear.nvidia.com/GetImage.ashx?Path=%7e%2fAssets%2fProductImages%2fNV00-0229-BLK_Full.jpg&maintainAspectRatio=true&width=800
Apparel,Womens,LONG SLEEVE PERFORMANCE SHIRT WOMEN'S,"This crew neck is the perfect shirt whether you are exercising or just lounging around. 

Product Details: 

Stretchy and comfortable 90% polyester 10% spandex fabric
Decorative and functional reflective patterns on front & back
Moisture wicking, UPF 30
Sleeve thumbholes",https://gear.nvidia.com/Long-Sleeve-Performance-Shirt-Womens-P372.aspx,35,https://gear.nvidia.com/GetImage.ashx?Path=%7e%2fAssets%2fProductImages%2fNV00-0219-HTG_Full_1.jpg&maintainAspectRatio=true&width=800
Apparel,Womens,I AM AI TEE WOMEN'S,"This short sleeve, ladies cut, super soft boyfriend crew will instantly be loved by all who wear it.

Product Details:

100% cotton jersey
Laundered for reduced shrinkage
Ladies' cut
Machine wash",https://gear.nvidia.com/I-Am-AI-Tee-Womens--P361.aspx,16,https://gear.nvidia.com/GetImage.ashx?Path=%7e%2fAssets%2fProductImages%2fNV00-0241-BLK_Full.jpg&maintainAspectRatio=true&width=800
Apparel,Womens,WOMEN'S POCKET LEGGINGS,"Beyond Yoga Pocket Leggings

Product Details:

Ultra-soft feel
4-way stretch to move with you
Moisture-wicking to keep dry
Easy care- wash + dry
Enjoy the sun with UV protection
87% Polyester, 13% LYCRA®",https://gear.nvidia.com/Womens-Pocket-Leggings--P603.aspx,99,https://gear.nvidia.com/GetImage.ashx?Path=%7e%2fAssets%2fProductImages%2fNV00-0487-BLK_Full.jpg&maintainAspectRatio=true&width=800